Ticker,Ano,Emissao_abaixo_VP,Emissao,Desagio,Idade,P_inicio,P_fim,Proventos,MarketCap,Valor Contábil Destruído,Liquidez,Vacancia,Retorno_Cota,Retorno_Proventos,Retorno_Total,Volatilidade,Taxa_Adm,Possui_Taxa_Performance,Segmento_Atuacao,Qtd_Ativos,Alavancagem
XPSF11,2021,0,0,0.000,3,96.69,82.50,0.9,357242655,0,1308893,0.00,-0.147,0.009,-0.138,0.183434794,0.0960,Sim,Títulos e Val. Mob.,2,0.006983
XPSF11,2020,1,1,0.109,2,103.27,97.24,0.8,421070009,-12200071,1517484,0.00,-0.058,0.008,-0.051,0.3221460712,0.1600,Sim,Títulos e Val. Mob.,1,0.036746
VCJR11,2023,0,0,0.000,4,88.61,94.31,11.0,1388617611,0,1876990,0.00,0.064,0.124,0.189,0.1231592291,0.1050,Não,Títulos e Val. Mob.,42,0.000000
TGAR11,2021,0,1,0.000,5,131.06,118.94,14.1,1345160445,0,4114438,0.00,-0.092,0.108,0.015,0.1574460863,0.0732,Sim,Outros,13,0.108241
HABT11,2021,0,1,0.000,3,119.71,111.02,18.5,824064601,0,3161054,0.00,-0.073,0.155,0.082,0.1556935194,0.0575,Sim,Títulos e Val. Mob.,138,0.029739
HABT11,2020,0,1,0.000,2,123.71,122.22,12.5,661467718,0,1669875,0.00,-0.012,0.101,0.089,0.2370811523,0.0572,Sim,Títulos e Val. Mob.,138,0.003249
HGPO11,2024,0,0,0.000,14,281.94,127.86,16.3,224145868,0,831060,0.03,-0.546,0.058,-0.489,0.634066984,0.0443,Não,Lajes Corporativas,2,0.017266
LIFE11,2024,0,1,0.000,4,10.14,8.71,1.6,299350576,0,513298,0.00,-0.141,0.160,0.019,0.1818148885,0.0429,Sim,Outros,3,0.039664
LIFE11,2023,1,1,0.027,3,10.88,10.20,1.6,227222789,-11459907,182042,0.00,-0.063,0.148,0.085,0.2067851997,0.0391,Sim,Outros,2,0.032905
HABT11,2022,0,1,0.000,4,108.18,89.97,14.0,731166667,0,2080463,0.00,-0.168,0.129,-0.039,0.1373028773,0.0371,Sim,Títulos e Val. Mob.,138,0.001965
URPR11,2022,1,1,0.014,3,110.81,103.76,18.2,1211423732,-2860000,4350946,0.00,-0.064,0.164,0.101,0.1301320096,0.0300,Sim,Outros,43,0.120918
DEVA11,2022,1,1,0.012,2,104.46,87.25,13.8,1225418223,-1811396,4233247,0.00,-0.165,0.132,-0.033,0.1320254442,0.0283,Sim,Títulos e Val. Mob.,144,0.003627
HCTR11,2020,1,1,0.009,2,135.00,147.35,19.4,600367541,-2583003,3034372,0.00,0.091,0.144,0.235,0.2488037571,0.0252,Sim,Títulos e Val. Mob.,117,0.166715
VGHF11,2024,0,0,0.000,4,9.44,7.62,1.1,1255179224,0,4417365,0.00,-0.193,0.114,-0.078,0.1666607043,0.0234,Sim,Híbrido,160,0.030668
VGHF11,2022,0,1,0.000,2,9.83,9.30,1.5,677869997,0,3213024,0.00,-0.054,0.150,0.096,0.1074510175,0.0209,Sim,Outros,27,0.023381
RVBI11,2022,0,0,0.000,3,85.92,75.28,9.0,108403200,0,276469,0.00,-0.124,0.105,-0.019,0.1678871532,0.0202,Sim,Títulos e Val. Mob.,19,0.000000
MFII11,2021,1,1,0.025,9,132.85,112.40,13.0,466111560,-5162500,851816,0.00,-0.154,0.098,-0.056,0.1390264682,0.0195,Sim,Híbrido,14,0.011139
MFII11,2022,0,0,0.000,10,108.15,93.41,13.5,387361929,0,373603,0.00,-0.136,0.124,-0.012,0.1161721417,0.0190,Sim,Híbrido,18,0.012788
MFII11,2020,1,1,0.068,8,131.45,136.00,12.2,392651584,-6248155,737459,0.00,0.035,0.093,0.128,0.2595256892,0.0174,Sim,Híbrido,7,0.014857
MFII11,2024,1,1,0.081,12,94.00,93.38,14.3,486733445,-13841500,842085,0.00,-0.007,0.152,0.146,0.165165008,0.0170,Sim,Híbrido,6,0.000516
HCTR11,2022,1,1,0.014,4,127.53,100.24,15.1,2213720499,-4182000,8364750,0.00,-0.214,0.118,-0.096,0.2022702202,0.0164,Sim,Títulos e Val. Mob.,135,0.002393
HGCR11,2021,0,0,0.000,12,101.54,105.64,10.4,1307025618,0,2768820,0.00,0.040,0.102,0.143,0.1332730768,0.0162,Sim,Títulos e Val. Mob.,77,0.000000
RBFF11,2020,1,1,0.102,8,114.00,74.27,6.1,27180740,-39587601,626626,0.00,-0.349,0.053,-0.295,0.3868504865,0.0162,Sim,Títulos e Val. Mob.,32,0.000000
BCIA11,2022,0,0,0.000,8,85.00,84.99,8.7,316081040,0,345646,0.00,0.000,0.102,0.102,0.1439141132,0.0161,Sim,Títulos e Val. Mob.,53,0.001402
KNHY11,2020,0,1,0.000,2,117.82,114.54,8.6,1224529157,0,1135306,0.00,-0.028,0.073,0.045,0.259036265,0.0160,Não,Títulos e Val. Mob.,23,0.000000
LIFE11,2022,0,1,0.000,2,10.32,11.02,1.1,116061505,0,41941,0.00,0.068,0.109,0.177,0.3467085748,0.0160,Sim,Outros,2,0.360529
VCJR11,2024,0,0,0.000,5,92.06,76.52,11.1,1126678184,0,2370655,0.00,-0.169,0.120,-0.049,0.1523052763,0.0160,Não,Títulos e Val. Mob.,60,0.000000
KNHY11,2022,0,1,0.000,4,108.41,97.42,12.8,1801377925,0,2767194,0.00,-0.101,0.118,0.017,0.1167469294,0.0160,Não,Títulos e Val. Mob.,45,0.000000
KNHY11,2021,0,1,0.000,3,113.04,109.06,15.2,1165943338,0,2261253,0.00,-0.035,0.134,0.099,0.1259501732,0.0159,Não,Títulos e Val. Mob.,33,0.000000
HCTR11,2021,1,1,0.008,3,150.11,126.15,22.1,2562414294,-3295110,9878854,0.00,-0.160,0.147,-0.012,0.1635879527,0.0156,Sim,Títulos e Val. Mob.,166,0.080120
KNHY11,2023,0,0,0.000,5,95.72,102.88,13.0,1902337928,0,2430807,0.00,0.075,0.135,0.210,0.09132408189,0.0154,Não,Títulos e Val. Mob.,62,0.000000
BLMG11,2021,0,1,0.000,2,149.68,136.93,8.7,521783815,0,1342244,0.00,-0.085,0.058,-0.027,0.1974409877,0.0153,Sim,Outros,1,0.150743
MFII11,2023,1,1,0.100,11,91.92,94.36,13.1,417716056,-5578200,415706,0.00,0.027,0.142,0.169,0.1130641456,0.0152,Sim,Híbrido,8,0.000089
KNHY11,2024,0,1,0.000,6,102.58,101.64,13.2,286314798,0,4798128,0.00,-0.009,0.128,0.119,0.1006615643,0.0146,Não,Títulos e Val. Mob.,84,0.000000
URPR11,2021,1,1,0.019,2,127.90,115.28,23.4,421110577,-1464196,2558850,0.00,-0.099,0.183,0.085,0.2363936129,0.0145,Sim,Outros,44,0.229507
CVBI11,2020,0,0,0.000,3,104.19,104.88,9.2,369895084,0,1123866,0.00,0.007,0.088,0.095,0.2923263515,0.0141,Não,Títulos e Val. Mob.,45,0.000000
BARI11,2022,0,0,0.000,5,103.00,87.60,13.8,382215532,0,1038104,0.00,-0.150,0.134,-0.016,0.1085150158,0.0139,Sim,Títulos e Val. Mob.,46,0.000094
HGRU11,2023,0,0,0.000,5,115.33,138.76,12.2,2554080112,0,4430004,0.01,0.203,0.106,0.309,0.1410829838,0.0138,Sim,Híbrido,69,0.000000
VCJR11,2022,0,1,0.000,3,97.01,90.51,11.5,1332666525,0,1482805,0.00,-0.067,0.119,0.052,0.1513406527,0.0137,Não,Títulos e Val. Mob.,39,0.000000
BARI11,2024,0,0,0.000,7,83.24,69.50,9.8,322076275,0,638780,0.00,-0.165,0.118,-0.047,0.1835630069,0.0136,Sim,Títulos e Val. Mob.,60,0.000228
KNRI11,2020,0,1,0.000,10,198.96,161.80,8.0,3818609764,0,5615326,0.06,-0.187,0.040,-0.147,0.2536042687,0.0136,Não,Híbrido,18,0.000000
MCRE11,2022,0,1,0.000,1,12.00,11.20,1.9,40205435,0,77475,0.00,-0.067,0.154,0.087,0.3268333561,0.0133,Sim,Títulos e Val. Mob.,21,0.001591
TGAR11,2022,0,1,0.000,6,117.03,120.63,17.3,1662824279,0,3500777,0.00,0.031,0.148,0.179,0.1442885581,0.0132,Sim,Outros,11,0.251885
MCRE11,2023,0,0,0.000,2,10.75,11.18,1.6,40133640,0,9054,0.00,0.040,0.152,0.192,0.2182487134,0.0132,Sim,Títulos e Val. Mob.,11,0.000905
RBRX11,2023,0,1,0.000,2,9.86,9.38,1.4,176439582,0,83495,0.00,-0.049,0.140,0.091,0.1760975333,0.0130,Sim,Títulos e Val. Mob.,26,0.011083
HGFF11,2023,0,0,0.000,4,69.16,87.95,8.1,251853356,0,923987,0.00,0.272,0.116,0.388,0.1770045419,0.0128,Sim,Títulos e Val. Mob.,34,0.000000
CCME11,2024,0,1,0.000,2,10.71,8.86,1.0,600681890,0,374121,0.03,-0.173,0.094,-0.078,0.2665915189,0.0128,Sim,Híbrido,40,0.024301
KNSC11,2022,0,1,0.000,2,9.94,8.62,1.1,114437344,0,417088,0.00,-0.133,0.114,-0.019,0.1111219619,0.0127,Não,Títulos e Val. Mob.,54,0.000000
RZAK11,2024,0,0,0.000,4,89.00,76.99,12.7,678119066,0,2493730,0.00,-0.135,0.143,0.008,0.1177315658,0.0126,Sim,Títulos e Val. Mob.,44,0.078479
RZTR11,2022,0,0,0.000,3,100.94,100.08,14.6,1105685641,0,3546351,0.00,-0.009,0.145,0.136,0.1168843486,0.0126,Sim,Híbrido,19,0.004925
VINO11,2021,0,0,0.000,8,12.48,11.34,1.2,143721663,0,443827,0.03,-0.091,0.096,0.005,0.1225577753,0.0125,Sim,Lajes Corporativas,10,0.000000
KNRI11,2021,0,0,0.000,11,160.16,141.44,8.8,3416783194,0,4928901,0.06,-0.117,0.055,-0.062,0.1470781229,0.0124,Não,Híbrido,19,0.000000
GGRC11,2024,0,1,0.000,8,11.70,10.10,1.1,1068607563,0,1391120,0.00,-0.137,0.095,-0.042,0.1017703699,0.0123,Não,Logística,18,0.056231
RBRY11,2023,0,1,0.000,5,96.49,99.73,14.1,553182763,0,1589935,0.00,0.034,0.146,0.179,0.1402261613,0.0123,Sim,Títulos e Val. Mob.,55,0.005190
KNRI11,2024,0,1,0.000,14,164.62,136.90,12.0,3866660414,0,5562596,0.03,-0.168,0.073,-0.095,0.1265604369,0.0122,Não,Híbrido,24,0.000000
RZTR11,2023,0,1,0.000,4,93.98,108.23,11.8,1195726988,0,2445045,0.00,0.152,0.126,0.277,0.1800177408,0.0121,Sim,Híbrido,19,0.000692
RBRY11,2022,1,1,0.022,4,105.09,98.35,14.4,385507117,-5575697,998940,0.00,-0.064,0.137,0.073,0.131077958,0.0121,Sim,Títulos e Val. Mob.,39,0.002655
RVBI11,2021,0,0,0.000,2,97.48,87.02,8.7,125308800,0,462129,0.00,-0.107,0.090,-0.018,0.2250880306,0.0120,Sim,Títulos e Val. Mob.,29,0.000000
HGCR11,2020,0,0,0.000,11,128.57,101.64,6.7,1257535818,0,2995902,0.00,-0.209,0.052,-0.158,0.2205726384,0.0119,Sim,Títulos e Val. Mob.,76,0.000000
KNSC11,2024,0,1,0.000,4,9.07,8.83,1.0,1172252610,0,4398762,0.00,-0.026,0.114,0.087,0.1349875682,0.0117,Não,Títulos e Val. Mob.,70,0.000000
KCRE11,2023,0,0,0.000,2,8.70,9.80,1.2,35280000,0,53750,0.00,0.126,0.137,0.263,0.1246024177,0.0117,Não,Títulos e Val. Mob.,32,0.000000
VGHF11,2023,1,1,0.016,3,9.07,9.56,1.3,696821201,-4036599,2622659,0.00,0.054,0.143,0.197,0.1106028245,0.0116,Sim,Híbrido,92,0.078524
KNSC11,2023,0,0,0.000,3,8.54,9.11,1.0,120942483,0,737352,0.00,0.067,0.122,0.189,0.1159995712,0.0116,Não,Títulos e Val. Mob.,73,0.000000
RBRX11,2024,1,1,0.014,3,9.46,7.63,1.1,224845868,-5344296,969392,0.00,-0.193,0.118,-0.075,0.1632538689,0.0115,Sim,Títulos e Val. Mob.,36,0.013599
HGRU11,2022,0,0,0.000,4,113.29,121.10,11.3,2229022064,0,3968149,0.00,0.069,0.100,0.169,0.1182547984,0.0113,Sim,Híbrido,73,0.005614
KIVO11,2023,0,1,0.000,2,89.77,92.37,15.6,112241004,0,243301,0.00,0.029,0.173,0.202,0.2316777346,0.0113,Sim,Títulos e Val. Mob.,37,0.000000
KCRE11,2024,0,0,0.000,3,9.79,8.40,1.1,302400000,0,294163,0.00,-0.142,0.114,-0.028,0.1412075174,0.0113,Não,Títulos e Val. Mob.,37,0.000000
HABT11,2023,0,0,0.000,5,89.40,91.00,13.6,739537253,0,1468044,0.00,0.018,0.152,0.170,0.1317883639,0.0112,Sim,Títulos e Val. Mob.,138,0.000925
KNRI11,2023,0,0,0.000,13,139.36,164.97,12.1,3985200251,0,3673772,0.03,0.184,0.087,0.271,0.1291205289,0.0112,Não,Híbrido,25,0.000000
KNUQ11,2024,0,1,0.000,2,102.85,104.18,12.7,1595258021,0,2291297,0.00,0.013,0.124,0.137,0.1152461818,0.0112,Não,Títulos e Val. Mob.,41,0.000000
KNHF11,2024,0,0,0.000,2,104.60,83.72,10.7,1646206034,0,3336818,0.05,-0.200,0.102,-0.097,0.1494107179,0.0111,Não,Híbrido,67,0.000000
IRDM11,2022,0,1,0.000,5,106.48,92.35,13.8,3051666963,0,7952519,0.00,-0.133,0.129,-0.004,0.1311411898,0.0111,Não,Títulos e Val. Mob.,155,0.000675
HGCR11,2022,0,1,0.000,13,105.53,102.15,13.8,1574959528,0,3142933,0.00,-0.032,0.131,0.099,0.1077196473,0.0111,Sim,Títulos e Val. Mob.,57,0.000000
BRCR11,2020,1,1,0.231,13,118.93,88.74,5.8,2363874045,-78585000,5502194,0.19,-0.254,0.049,-0.205,0.2146613779,0.0111,Não,Híbrido,17,0.098929
IRDM11,2023,0,0,0.000,6,92.04,82.00,10.2,2987573814,0,5594889,0.00,-0.109,0.110,0.001,0.1555563025,0.0111,Não,Títulos e Val. Mob.,183,0.000551
RVBI11,2020,0,0,0.000,1,103.37,97.06,4.3,139766400,0,514314,0.00,-0.061,0.042,-0.019,0.3416928382,0.0109,Sim,Títulos e Val. Mob.,23,0.000000
RBRL11,2021,0,1,0.000,2,109.00,96.77,8.3,647104377,0,1243179,0.02,-0.112,0.076,-0.036,0.1669535071,0.0108,Sim,Logística,8,0.000000
KNRI11,2022,0,0,0.000,12,136.46,139.75,10.5,3375957660,0,3449889,0.02,0.024,0.077,0.101,0.1736448118,0.0108,Não,Híbrido,26,0.000000
GGRC11,2020,0,1,0.000,4,15.40,14.30,0.9,92993300,0,235087,0.00,-0.071,0.055,-0.016,0.2734228357,0.0107,Não,Logística,17,0.000000
VCJR11,2021,0,0,0.000,2,104.40,98.95,11.7,1148203926,0,935136,0.00,-0.052,0.112,0.060,0.1326974592,0.0106,Não,Títulos e Val. Mob.,30,0.000000
BPML11,2022,0,0,0.000,3,76.99,65.54,3.0,282154878,0,54760,0.05,-0.149,0.038,-0.110,0.2644973544,0.0106,Não,Shoppings,7,0.439389
GGRC11,2021,0,0,0.000,5,14.47,11.49,0.9,89144349,0,199603,0.00,-0.206,0.064,-0.142,0.1670919855,0.0105,Não,Logística,18,0.000000
XPSF11,2024,0,0,0.000,6,8.24,6.39,0.9,276700675,0,570166,0.00,-0.225,0.109,-0.115,0.1423104263,0.0105,Sim,Híbrido,48,0.005822
VGIP11,2024,0,0,0.000,4,89.49,79.31,10.1,934846560,0,2113929,0.00,-0.114,0.113,-0.001,0.1786929035,0.0105,Sim,Títulos e Val. Mob.,50,0.025311
BCRI11,2022,0,0,0.000,7,106.95,95.31,14.8,596437876,0,1053139,0.00,-0.109,0.138,0.030,0.1234021926,0.0104,Não,Títulos e Val. Mob.,86,0.000000
CVBI11,2022,0,1,0.000,5,102.89,86.30,12.6,950182676,0,3267634,0.00,-0.161,0.122,-0.039,0.1360266832,0.0104,Não,Títulos e Val. Mob.,77,0.000000
KIVO11,2024,0,0,0.000,3,90.07,59.89,11.7,133119659,0,529599,0.00,-0.335,0.130,-0.205,0.2180251052,0.0104,Sim,Títulos e Val. Mob.,63,0.000000
VRTA11,2021,1,1,0.018,10,116.93,105.56,12.5,1150620573,-4492433,2244376,0.00,-0.097,0.107,0.010,0.1294610682,0.0104,Não,Títulos e Val. Mob.,85,0.000000
BTCI11,2024,0,0,0.000,16,9.98,8.68,1.1,863843773,0,2129701,0.00,-0.130,0.111,-0.019,0.1459118743,0.0104,Não,Títulos e Val. Mob.,67,0.000902
RBRY11,2020,0,1,0.000,2,115.76,105.10,8.1,205472917,0,292670,0.00,-0.092,0.070,-0.022,0.2978518055,0.0104,Sim,Títulos e Val. Mob.,28,0.000446
CVBI11,2024,0,0,0.000,7,92.33,84.00,11.2,924859152,0,2615232,0.00,-0.090,0.121,0.031,0.167268384,0.0103,Não,Títulos e Val. Mob.,80,0.000000
HGRU11,2021,0,0,0.000,3,126.96,117.19,8.7,2157052813,0,5391568,0.00,-0.077,0.068,-0.009,0.1170199971,0.0103,Sim,Híbrido,90,0.000000
HSML11,2023,0,0,0.000,4,78.02,96.49,8.9,1522671348,0,2565164,0.05,0.237,0.114,0.350,0.1229614921,0.0103,Sim,Shoppings,8,0.387117
BTCI11,2022,0,0,0.000,14,10.04,8.99,1.3,99410593,0,111269,0.00,-0.105,0.132,0.028,0.1460666026,0.0103,Não,Títulos e Val. Mob.,61,0.033751
BRCR11,2021,0,0,0.000,14,88.90,72.69,5.7,1936330903,0,3368682,0.24,-0.182,0.064,-0.119,0.1376586276,0.0103,Não,Híbrido,16,0.157485
GGRC11,2023,0,1,0.000,7,11.87,11.72,1.2,95331863,0,141526,0.00,-0.013,0.101,0.088,0.1554459832,0.0102,Não,Logística,18,0.000000
VISC11,2024,0,0,0.000,11,122.65,97.06,10.7,2798107798,0,8202797,0.06,-0.209,0.087,-0.121,0.1797763842,0.0102,Não,Shoppings,34,0.000000
ALZR11,2020,0,1,0.000,3,137.19,122.07,6.4,349232993,0,1323913,0.00,-0.110,0.047,-0.064,0.2899406098,0.0065,Não,Híbrido,7,0.100677
BLMG11,2023,0,1,0.000,4,105.55,53.42,8.3,203561611,0,704558,0.00,-0.494,0.079,-0.415,0.244659511,0.0101,Sim,Outros,1,0.187160
CPTS11,2024,0,0,0.000,11,8.58,6.83,0.9,217076620,0,9117147,0.00,-0.204,0.106,-0.098,0.1362134953,0.0101,Sim,Títulos e Val. Mob.,135,0.105123
RBRL11,2022,0,0,0.000,3,94.38,84.00,7.9,561710940,0,608857,0.04,-0.110,0.084,-0.026,0.1781064098,0.0101,Sim,Logística,7,0.000000
VISC11,2022,0,1,0.000,9,101.74,105.89,8.7,1968606496,0,2385695,0.07,0.041,0.085,0.126,0.1398944449,0.0101,Não,Shoppings,21,0.000000
GGRC11,2022,1,1,0.083,6,11.67,11.90,1.1,92325305,-10472852,131520,0.00,0.020,0.095,0.115,0.1434191534,0.0101,Não,Logística,20,0.000000
MCRE11,2024,1,1,0.016,3,11.16,7.79,1.3,869355595,-13019336,3713492,0.00,-0.302,0.116,-0.186,0.3091428801,0.0101,Sim,Títulos e Val. Mob.,47,0.000991
KNIP11,2020,0,1,0.000,4,117.02,115.82,9.2,3799100306,0,5023785,0.00,-0.010,0.079,0.068,0.178757573,0.0100,Não,Títulos e Val. Mob.,38,0.000000
BRCO11,2024,0,1,0.000,10,121.82,101.99,10.4,1622164515,0,3191445,0.00,-0.163,0.086,-0.077,0.1370933626,0.0100,Sim,Logística,12,0.059427
KNIP11,2022,0,1,0.000,6,103.70,91.95,12.4,6540841550,0,11327782,0.00,-0.113,0.120,0.006,0.09950156882,0.0100,Não,Títulos e Val. Mob.,99,0.000000
KNIP11,2023,0,0,0.000,7,89.55,95.57,9.5,7653072236,0,9866988,0.00,0.067,0.106,0.174,0.08734300844,0.0100,Não,Títulos e Val. Mob.,99,0.000000
HSAF11,2022,1,1,0.040,3,93.33,80.04,12.5,141960865,-6064519,441627,0.00,-0.142,0.133,-0.009,0.1383712238,0.0100,Sim,Títulos e Val. Mob.,57,0.000000
XPCI11,2024,0,0,0.000,7,85.95,78.16,10.4,680113304,0,1965954,0.00,-0.091,0.121,0.030,0.1637443795,0.0100,Não,Títulos e Val. Mob.,42,0.001672
MCCI11,2024,0,0,0.000,8,95.21,80.40,9.7,1363585930,0,3584654,0.00,-0.156,0.102,-0.054,0.1613175795,0.0100,Sim,Títulos e Val. Mob.,50,0.000028
IRDM11,2021,1,1,0.011,4,139.60,108.67,14.6,2390740,-5300000,9341283,0.00,-0.222,0.104,-0.117,0.2221315841,0.0099,Não,Títulos e Val. Mob.,123,0.001449
BTAL11,2022,0,0,0.000,2,98.25,95.00,9.9,568359920,0,999572,0.00,-0.033,0.101,0.068,0.1493027285,0.0099,Não,Outros,11,0.010816
KNCR11,2024,0,1,0.000,12,103.10,102.99,11.8,6674669950,0,12881039,0.00,-0.001,0.114,0.113,0.1014021593,0.0099,Não,Títulos e Val. Mob.,66,0.000000
RBRL11,2023,0,0,0.000,4,82.15,87.41,7.9,584513729,0,761006,0.04,0.064,0.097,0.161,0.1887834022,0.0099,Sim,Logística,7,0.000000
RVBI11,2023,0,1,0.000,4,76.86,83.00,8.9,119520000,0,206025,0.00,0.080,0.116,0.196,0.1664660931,0.0099,Sim,Títulos e Val. Mob.,24,0.000000
VINO11,2022,0,1,0.000,9,11.12,9.52,0.8,157701266,0,333545,0.03,-0.144,0.076,-0.068,0.2373586201,0.0099,Sim,Lajes Corporativas,18,0.000000
VRTA11,2024,0,0,0.000,13,88.16,79.10,10.2,1233360738,0,1890157,0.00,-0.103,0.116,0.013,0.1371212628,0.0099,Não,Títulos e Val. Mob.,103,0.000000
KNIP11,2024,0,0,0.000,8,94.55,90.30,10.5,7231060196,0,9827367,0.00,-0.045,0.111,0.067,0.09009019772,0.0099,Não,Títulos e Val. Mob.,99,0.000000
IRDM11,2024,0,0,0.000,7,82.09,62.81,9.1,2288408674,0,4087271,0.00,-0.235,0.111,-0.124,0.1430129539,0.0099,Não,Títulos e Val. Mob.,187,0.001921
RZAT11,2023,0,0,0.000,6,92.44,92.75,11.8,343932582,0,921660,0.00,0.003,0.128,0.131,0.1862909601,0.0098,Sim,Híbrido,11,0.006992
KNIP11,2021,0,1,0.000,5,115.00,105.20,14.6,4958577173,0,12334945,0.00,-0.085,0.127,0.042,0.09516532517,0.0098,Não,Títulos e Val. Mob.,61,0.000000
XPCI11,2023,0,0,0.000,6,83.30,86.91,11.0,756251884,0,2083538,0.00,0.043,0.132,0.175,0.158060237,0.0098,Não,Títulos e Val. Mob.,46,0.000117
VGIP11,2023,0,0,0.000,3,86.19,88.16,10.7,1039163696,0,2008259,0.00,0.023,0.124,0.147,0.1373122302,0.0098,Sim,Títulos e Val. Mob.,49,0.066305
BRCO11,2020,0,1,0.000,6,139.00,115.50,6.7,1706949206,0,1825483,0.04,-0.169,0.048,-0.121,0.2840327174,0.0098,Sim,Logística,11,0.005419
TEPP11,2024,0,0,0.000,8,92.17,80.29,10.4,338981730,0,1277123,0.00,-0.129,0.113,-0.016,0.1254632936,0.0098,Não,Lajes Corporativas,54,0.000000
BTAL11,2023,0,0,0.000,3,94.86,79.44,9.1,475268548,0,940968,0.00,-0.163,0.096,-0.067,0.1980113431,0.0098,Não,Outros,11,0.069084
VGIR11,2024,1,1,0.011,6,9.80,9.29,1.3,1063858118,-8101638,4553268,0.00,-0.052,0.130,0.078,0.1181130085,0.0098,Sim,Títulos e Val. Mob.,50,0.044243
AFHI11,2023,0,1,0.000,3,93.97,99.01,12.7,298956042,0,975692,0.00,0.054,0.135,0.189,0.08375765067,0.0098,Não,Títulos e Val. Mob.,47,0.000126
RZAT11,2024,1,1,0.035,7,94.19,86.39,12.8,320348634,-10559296,1186830,0.00,-0.083,0.135,0.053,0.1676247685,0.0098,Sim,Híbrido,11,0.034891
KNCR11,2022,1,1,0.011,10,102.20,98.40,12.8,4078587602,-16950000,8984025,0.00,-0.037,0.125,0.088,0.08119825231,0.0097,Não,Títulos e Val. Mob.,54,0.000000
XPCI11,2021,1,1,0.023,4,90.48,96.80,11.1,666745332,-7105525,3001118,0.00,0.070,0.123,0.193,0.1457516635,0.0097,Não,Títulos e Val. Mob.,37,0.009479
CPTS11,2022,0,1,0.000,9,9.69,8.21,1.2,260936903,0,727956,0.00,-0.153,0.127,-0.026,0.1153553142,0.0097,Sim,Títulos e Val. Mob.,107,0.121828
KNCR11,2020,0,0,0.000,8,105.69,86.80,4.1,3393627152,0,5027375,0.00,-0.179,0.039,-0.140,0.1925777623,0.0096,Não,Títulos e Val. Mob.,48,0.000000
CPTS11,2023,0,0,0.000,10,8.23,8.49,0.9,269836091,0,2297245,0.00,0.032,0.108,0.140,0.154382821,0.0096,Sim,Títulos e Val. Mob.,132,0.142531
BRCO11,2023,0,0,0.000,9,99.95,123.39,9.6,1823553788,0,3150952,0.00,0.235,0.096,0.330,0.1601674783,0.0096,Sim,Logística,10,0.015518
CVBI11,2023,0,0,0.000,6,89.97,92.43,11.5,1017675374,0,2452134,0.00,0.027,0.127,0.155,0.1366103475,0.0096,Não,Títulos e Val. Mob.,79,0.000000
HGFF11,2021,0,0,0.000,2,93.49,75.84,6.4,217175196,0,618946,0.00,-0.189,0.068,-0.121,0.1870618925,0.0096,Sim,Títulos e Val. Mob.,34,0.000000
HSAF11,2024,1,1,0.047,5,86.07,70.00,10.9,176845200,-12294120,742428,0.00,-0.187,0.127,-0.060,0.1808274904,0.0096,Sim,Títulos e Val. Mob.,46,0.000000
VGIR11,2023,0,0,0.000,5,9.84,9.81,1.5,1012595136,0,4268577,0.00,-0.003,0.147,0.144,0.1092827845,0.0096,Sim,Títulos e Val. Mob.,51,0.042929
BTCI11,2023,0,0,0.000,15,9.17,9.93,1.2,988245238,0,1785850,0.00,0.083,0.133,0.216,0.1133233774,0.0096,Não,Títulos e Val. Mob.,68,0.000887
VGIR11,2021,0,0,0.000,3,8.63,9.78,0.7,44072729,0,97886,0.00,0.133,0.085,0.218,0.1441219354,0.0096,Sim,Títulos e Val. Mob.,61,0.037196
RBRR11,2024,0,0,0.000,6,90.01,82.75,9.9,1245983383,0,3317593,0.00,-0.081,0.110,0.030,0.1431558831,0.0095,Sim,Títulos e Val. Mob.,56,0.000060
KNCR11,2023,0,0,0.000,11,97.21,104.04,13.4,5940380931,0,11590125,0.00,0.070,0.138,0.208,0.08072260486,0.0095,Não,Títulos e Val. Mob.,68,0.000000
LVBI11,2021,0,0,0.000,3,119.23,102.94,7.2,1212136720,0,2566055,0.03,-0.137,0.060,-0.076,0.1751134658,0.0095,Não,Logística,11,0.135582
VIUR11,2022,0,0,0.000,2,7.53,7.92,0.9,213414062,0,202856,0.00,0.052,0.113,0.165,0.1694029977,0.0095,Sim,Outros,9,0.000000
RBRY11,2024,1,1,0.024,6,99.98,88.57,11.7,1130995678,-9820238,4152631,0.00,-0.114,0.117,0.003,0.124740064,0.0095,Sim,Títulos e Val. Mob.,91,0.000927
LVBI11,2023,0,1,0.000,5,98.93,117.87,9.6,1387940113,0,2707481,0.00,0.191,0.097,0.288,0.1690626852,0.0095,Não,Logística,11,0.127112
RBRR11,2023,0,1,0.000,5,87.44,89.14,9.9,1197944259,0,3680006,0.00,0.019,0.113,0.133,0.1576846322,0.0094,Sim,Títulos e Val. Mob.,49,0.064306
TRXF11,2024,1,1,0.014,7,109.67,102.43,12.7,2052242718,-3637397,8395166,0.00,-0.066,0.116,0.050,0.10098792,0.0094,Sim,Híbrido,76,0.000000
VISC11,2023,0,1,0.000,10,106.17,123.83,10.6,2630605885,0,4375315,0.07,0.166,0.100,0.266,0.1342352572,0.0094,Não,Shoppings,26,0.000000
BPML11,2023,0,0,0.000,4,64.44,99.70,0.5,429216376,0,162629,0.04,0.547,0.008,0.556,0.258696572,0.0094,Não,Shoppings,7,0.428564
MCCI11,2021,1,1,0.038,5,102.78,102.77,10.3,917469001,-13191746,4033080,0.00,0.000,0.100,0.100,0.08718823678,0.0093,Sim,Títulos e Val. Mob.,28,0.060780
RBRR11,2020,0,1,0.000,2,112.48,95.40,6.5,662319938,0,1872095,0.00,-0.152,0.058,-0.094,0.2464159319,0.0093,Sim,Títulos e Val. Mob.,44,0.000235
RZTR11,2024,1,1,0.025,5,105.53,86.26,11.2,1626149367,-10075266,4835562,0.00,-0.183,0.106,-0.077,0.1468349241,0.0093,Sim,Híbrido,28,0.053290
VRTA11,2023,0,0,0.000,12,89.46,89.00,10.0,1387725736,0,2124119,0.00,-0.005,0.111,0.106,0.1050483318,0.0093,Não,Títulos e Val. Mob.,80,0.000000
KFOF11,2020,0,1,0.000,2,151.61,107.05,6.2,385210754,0,520102,0.00,-0.294,0.041,-0.253,0.4097525066,0.0092,Sim,Títulos e Val. Mob.,24,0.000000
VISC11,2020,1,1,0.039,7,143.16,115.79,4.2,1652438511,-15579295,4628691,0.07,-0.191,0.029,-0.162,0.3944811572,0.0092,Não,Shoppings,30,0.000000
RBRY11,2021,0,1,0.000,3,106.19,105.29,10.2,357686239,0,746243,0.00,-0.008,0.096,0.088,0.1041261739,0.0092,Sim,Títulos e Val. Mob.,31,0.001537
KNCR11,2021,0,0,0.000,9,87.14,101.65,5.4,3974218894,0,7464062,0.00,0.167,0.062,0.229,0.1123958836,0.0091,Não,Títulos e Val. Mob.,49,0.000000
LVBI11,2022,0,0,0.000,4,105.61,102.88,8.9,1211430210,0,2214594,0.01,-0.026,0.084,0.058,0.1775020942,0.0091,Não,Logística,11,0.165943
RBRP11,2021,0,1,0.000,7,94.84,78.31,5.3,953752129,0,2475963,0.09,-0.174,0.056,-0.119,0.2177182892,0.0091,Sim,Outros,10,0.000000
XPCI11,2022,1,1,0.015,5,96.39,81.29,11.6,707349162,-2322763,2958575,0.00,-0.157,0.121,-0.036,0.1546222407,0.0091,Não,Títulos e Val. Mob.,45,0.022239
TEPP11,2023,0,0,0.000,7,68.99,92.30,7.3,389687554,0,994032,0.04,0.338,0.106,0.444,0.2181601818,0.0091,Não,Lajes Corporativas,45,0.000000
JSAF11,2024,1,1,0.024,3,10.07,7.78,1.2,603131196,-9983701,227912,0.00,-0.227,0.114,-0.113,0.2296350376,0.0091,Sim,Títulos e Val. Mob.,66,0.075964
KFOF11,2024,0,1,0.000,6,99.30,70.96,9.3,497753532,0,1560032,0.00,-0.285,0.093,-0.192,0.1667851067,0.0091,Sim,Títulos e Val. Mob.,37,0.000000
BTLG11,2023,0,1,0.000,13,97.14,103.62,9.0,2182951349,0,6129754,0.02,0.067,0.093,0.159,0.1007021826,0.0090,Não,Híbrido,30,0.104800
BRCR11,2022,0,0,0.000,15,72.60,59.22,5.8,1577514322,0,2010349,0.24,-0.184,0.080,-0.104,0.1731018485,0.0090,Não,Híbrido,16,0.178396
JSAF11,2022,0,0,0.000,1,10.01,8.43,1.1,13260786,0,23468,0.00,-0.158,0.108,-0.050,0.2235361108,0.0090,Sim,Títulos e Val. Mob.,32,0.000050
RBRL11,2024,0,0,0.000,5,88.55,66.97,8.3,447830734,0,621711,0.03,-0.244,0.094,-0.150,0.1719057785,0.0090,Sim,Logística,6,0.000000
VRTA11,2022,1,1,0.034,11,105.66,88.88,13.3,1385854645,-17175147,2599552,0.00,-0.159,0.126,-0.033,0.1203319382,0.0090,Não,Títulos e Val. Mob.,99,0.006499
TEPP11,2022,0,0,0.000,6,74.29,67.01,5.9,282914009,0,436147,0.09,-0.098,0.079,-0.019,0.1980369815,0.0090,Não,Lajes Corporativas,61,0.000000
MCCI11,2023,0,0,0.000,7,90.31,94.57,11.4,1603909470,0,4024978,0.00,0.047,0.126,0.173,0.1786793251,0.0090,Sim,Títulos e Val. Mob.,50,0.003882
KNSC11,2021,0,1,0.000,1,9.88,10.06,1.4,64685327,0,332596,0.00,0.018,0.140,0.158,0.1233867395,0.0089,Não,Títulos e Val. Mob.,31,0.000000
JSAF11,2023,0,1,0.000,2,8.29,9.99,1.1,34275740,0,79676,0.00,0.205,0.135,0.340,0.1840379991,0.0089,Sim,Títulos e Val. Mob.,35,0.104798
BTLG11,2022,0,1,0.000,12,104.60,99.32,8.8,1661520307,0,4325637,0.02,-0.050,0.085,0.034,0.09885524817,0.0089,Não,Híbrido,20,0.135748
RZAK11,2022,0,1,0.000,2,90.11,95.08,17.9,323574640,0,1779303,0.00,0.055,0.198,0.254,0.1504454576,0.0089,Sim,Títulos e Val. Mob.,22,0.075134
RBRF11,2021,0,0,0.000,4,9.81,7.94,0.8,108625314,0,324335,0.00,-0.191,0.076,-0.114,0.1745799416,0.0089,Sim,Títulos e Val. Mob.,74,0.002746
BRCO11,2022,0,0,0.000,8,101.54,98.32,8.0,1453049748,0,3014762,0.12,-0.032,0.079,0.047,0.1456618405,0.0088,Sim,Logística,11,0.016237
CYCR11,2023,0,0,0.000,4,8.86,9.74,1.2,158916282,0,326182,0.00,0.099,0.139,0.238,0.1306546057,0.0088,Sim,Títulos e Val. Mob.,25,0.013104
CYCR11,2024,0,1,0.000,5,9.57,8.48,1.2,138358323,0,518418,0.00,-0.114,0.130,0.016,0.1390470026,0.0088,Sim,Títulos e Val. Mob.,37,0.090067
KFOF11,2021,0,0,0.000,3,104.70,77.60,7.0,351785244,0,606784,0.00,-0.259,0.067,-0.192,0.1946304542,0.0088,Sim,Títulos e Val. Mob.,30,0.000000
VISC11,2021,1,1,0.109,8,116.65,103.52,6.0,1831914144,-60975658,2891179,0.08,-0.113,0.052,-0.061,0.1509267572,0.0088,Não,Shoppings,17,0.000000
XPSF11,2022,0,0,0.000,4,79.76,76.00,0.9,3290962640,0,755051,0.00,-0.047,0.011,-0.036,0.9236457293,0.0088,Sim,Títulos e Val. Mob.,6,0.000305
GARE11,2024,1,1,0.044,4,9.02,8.50,1.1,1253394896,-20000000,5720693,0.00,-0.058,0.119,0.061,0.1301025661,0.0088,Sim,Híbrido,9,0.156269
CCME11,2023,0,1,0.000,1,9.90,10.71,1.1,58611321,0,1014,0.04,0.082,0.112,0.194,0.5965052444,0.0087,Sim,Outros,27,0.113329
SNCI11,2023,0,0,0.000,2,97.76,100.49,12.4,422058000,0,682997,0.00,0.028,0.126,0.154,0.09197017191,0.0087,Não,Títulos e Val. Mob.,39,0.058069
MCCI11,2022,1,1,0.015,6,101.47,87.90,12.7,1282828334,-6027987,3781068,0.00,-0.134,0.125,-0.009,0.1025779309,0.0087,Sim,Títulos e Val. Mob.,45,0.085809
RBRF11,2024,0,0,0.000,7,8.12,6.40,0.8,875569280,0,2602564,0.00,-0.212,0.099,-0.113,0.1818804212,0.0087,Sim,Títulos e Val. Mob.,57,0.007699
MXRF11,2022,0,0,0.000,11,9.78,9.93,1.2,2244573854,0,6505825,0.00,0.015,0.124,0.139,0.1196629221,0.0087,Não,Híbrido,98,0.006316
RZAK11,2023,0,1,0.000,3,97.01,88.30,14.7,777736246,0,4294418,0.00,-0.090,0.151,0.062,0.175656471,0.0086,Sim,Títulos e Val. Mob.,37,0.044129
HGCR11,2024,0,0,0.000,15,104.80,97.00,11.4,1495556282,0,3445117,0.00,-0.074,0.109,0.034,0.1175444927,0.0086,Sim,Títulos e Val. Mob.,57,0.017853
HGFF11,2024,0,0,0.000,5,87.90,71.22,9.1,203945378,0,604535,0.00,-0.190,0.103,-0.087,0.1528659951,0.0086,Sim,Títulos e Val. Mob.,39,0.001662
HSML11,2022,0,0,0.000,3,80.22,81.62,7.7,1288013633,0,2302136,0.05,0.017,0.096,0.113,0.1529084967,0.0086,Sim,Shoppings,7,0.034047
VINO11,2023,0,0,0.000,10,9.34,7.64,0.7,632792894,0,571837,0.04,-0.182,0.077,-0.105,0.2361018974,0.0086,Sim,Lajes Corporativas,16,0.000000
MXRF11,2024,0,1,0.000,13,10.49,9.37,1.2,4097738033,0,14031674,0.00,-0.107,0.112,0.005,0.1147097178,0.0086,Não,Híbrido,125,0.000064
MXRF11,2021,1,1,0.028,10,10.30,9.86,1.0,2228751077,-12844037,6977574,0.00,-0.043,0.092,0.050,0.07505190258,0.0085,Não,Híbrido,101,0.003101
LVBI11,2024,0,1,0.000,6,117.46,97.11,10.7,1565273847,0,4201785,0.01,-0.173,0.091,-0.082,0.1522014432,0.0085,Não,Logística,9,0.054788
BCRI11,2021,0,1,0.000,6,114.78,108.10,14.4,676476071,0,1705654,0.00,-0.058,0.125,0.067,0.1177691234,0.0085,Não,Títulos e Val. Mob.,94,0.000000
BRCR11,2024,0,0,0.000,17,59.05,41.56,5.7,1107083675,0,1645891,0.16,-0.296,0.097,-0.199,0.1602639347,0.0085,Não,Híbrido,12,0.090281
HGRE11,2020,1,1,0.132,12,203.00,157.00,8.1,1855389419,-34840749,3960065,0.23,-0.227,0.040,-0.187,0.351255892,0.0085,Não,Lajes Corporativas,21,0.000000
ALZR11,2021,0,1,0.000,4,122.11,107.96,7.4,543921913,0,1330370,0.00,-0.116,0.061,-0.055,0.1397167591,0.0070,Não,Híbrido,15,0.325933
SPXS11,2024,0,0,0.000,2,9.49,8.69,1.2,175442758,0,733512,0.00,-0.084,0.123,0.039,0.2002227052,0.0085,Sim,Híbrido,48,0.004813
VINO11,2020,1,1,0.091,7,14.36,12.55,0.9,159057043,-27500000,537826,0.03,-0.126,0.060,-0.066,0.3969210601,0.0084,Sim,Lajes Corporativas,26,0.000000
VGIR11,2020,0,0,0.000,2,12.30,8.54,0.6,38484776,0,126344,0.00,-0.306,0.050,-0.256,0.3162386037,0.0084,Sim,Títulos e Val. Mob.,45,0.000339
CLIN11,2024,0,0,0.000,2,100.00,81.05,11.8,352305141,0,1438460,0.00,-0.190,0.118,-0.071,0.1577082002,0.0084,Sim,Títulos e Val. Mob.,27,0.001253
SNCI11,2024,0,0,0.000,3,100.20,85.27,11.6,358134000,0,642237,0.00,-0.149,0.115,-0.034,0.1380578623,0.0083,Não,Títulos e Val. Mob.,40,0.048089
VGIP11,2022,0,1,0.000,2,100.51,85.91,13.6,1012642390,0,3447459,0.00,-0.145,0.135,-0.010,0.1266395575,0.0083,Sim,Títulos e Val. Mob.,47,0.012065
HGRE11,2022,0,0,0.000,14,133.92,123.01,9.4,1453703519,0,2210008,0.24,-0.081,0.070,-0.011,0.1787916133,0.0083,Não,Lajes Corporativas,19,0.007132
HSAF11,2023,0,0,0.000,4,80.04,87.84,10.7,221915462,0,448062,0.00,0.097,0.133,0.231,0.1473092643,0.0083,Sim,Títulos e Val. Mob.,47,0.000000
BTCI11,2021,1,1,0.158,13,10.10,10.22,1.0,62377862,-37564248,102594,0.00,0.012,0.103,0.115,0.1700534804,0.0083,Não,Títulos e Val. Mob.,52,0.003864
BTCI11,2020,1,1,0.099,12,11.82,10.08,0.9,34493206,-16413843,92616,0.00,-0.147,0.078,-0.069,0.2886902237,0.0083,Não,Títulos e Val. Mob.,57,0.000316
JSRE11,2020,1,1,0.063,9,121.15,99.49,5.8,2066141463,-50464609,4093787,0.03,-0.179,0.047,-0.131,0.263989963,0.0083,Sim,Híbrido,4,0.000000
BTRA11,2022,0,0,0.000,1,99.82,86.19,10.0,289991340,0,747068,0.00,-0.137,0.100,-0.037,0.2725331631,0.0082,Sim,Outros,6,0.089165
RBRR11,2022,1,1,0.025,4,99.34,84.84,12.3,1140156955,-7599222,4182368,0.00,-0.146,0.124,-0.022,0.1375796888,0.0082,Sim,Títulos e Val. Mob.,35,0.047732
AFHI11,2022,0,1,0.000,2,95.10,93.77,14.8,219256765,0,812365,0.00,-0.014,0.155,0.141,0.1163785174,0.0082,Não,Títulos e Val. Mob.,34,0.000316
BRCR11,2023,0,0,0.000,16,59.00,59.30,5.3,1579645379,0,1751779,0.22,0.005,0.090,0.095,0.2034561117,0.0082,Não,Híbrido,15,0.196083
BLMG11,2022,1,1,0.052,3,136.93,105.44,9.7,401788399,-2722435,947685,0.00,-0.230,0.071,-0.159,0.2377156917,0.0082,Sim,Outros,1,0.223796
HGCR11,2023,0,0,0.000,14,100.27,105.12,13.5,1620751303,0,3771663,0.00,0.048,0.135,0.183,0.1105523796,0.0082,Sim,Títulos e Val. Mob.,57,0.000000
HGRE11,2021,0,0,0.000,13,152.01,136.10,11.0,1608398089,0,2813205,0.24,-0.105,0.072,-0.033,0.1720942469,0.0082,Não,Lajes Corporativas,19,0.005859
TRXF11,2022,0,1,0.000,5,99.94,104.02,10.6,923867985,0,2411610,0.00,0.041,0.106,0.146,0.08957408652,0.0082,Sim,Híbrido,37,0.000000
AFHI11,2024,0,1,0.000,4,98.77,90.55,11.4,412512297,0,1287094,0.00,-0.083,0.115,0.032,0.09696887743,0.0081,Não,Títulos e Val. Mob.,55,0.000085
BCRI11,2024,0,0,0.000,9,74.09,59.53,9.3,372531180,0,539056,0.00,-0.197,0.125,-0.071,0.1371985676,0.0081,Não,Títulos e Val. Mob.,81,0.000000
HGRE11,2023,0,0,0.000,15,123.61,133.13,10.4,1573299321,0,2229917,0.27,0.077,0.084,0.161,0.2309840539,0.0081,Não,Lajes Corporativas,17,0.000000
RBRF11,2022,0,0,0.000,5,7.37,6.88,0.7,94123698,0,264774,0.00,-0.066,0.099,0.033,0.1770603697,0.0081,Sim,Títulos e Val. Mob.,13,0.004474
BTRA11,2023,0,0,0.000,2,86.38,61.18,8.6,205843720,0,585429,0.00,-0.292,0.099,-0.192,0.2357241016,0.0081,Sim,Outros,4,0.191859
KFOF11,2023,0,0,0.000,5,74.26,97.87,9.6,443675539,0,1153115,0.00,0.318,0.129,0.447,0.2084002289,0.0080,Sim,Títulos e Val. Mob.,29,0.000000
HSML11,2024,1,1,0.035,5,95.88,72.91,9.6,1488683306,-12242954,4296271,0.04,-0.240,0.100,-0.140,0.1468856744,0.0080,Sim,Shoppings,9,0.243884
RBRF11,2023,0,0,0.000,6,6.97,8.15,0.7,111498276,0,281338,0.00,0.169,0.103,0.273,0.1897186017,0.0080,Sim,Títulos e Val. Mob.,50,0.002517
MXRF11,2023,0,1,0.000,12,9.90,10.55,1.4,3030922983,0,9338544,0.00,0.066,0.139,0.205,0.09090160092,0.0080,Não,Híbrido,109,0.035446
BCRI11,2023,0,0,0.000,8,96.69,74.67,9.4,467275377,0,714172,0.00,-0.228,0.097,-0.131,0.1905697405,0.0079,Não,Títulos e Val. Mob.,78,0.000000
RBVA11,2022,0,0,0.000,10,9.99,9.21,1.2,106727313,0,81371,0.01,-0.078,0.120,0.042,0.1096609303,0.0078,Não,Outros,77,0.161318
IRDM11,2020,1,1,0.044,3,141.31,136.81,11.6,1090115624,-36528255,5533578,0.00,-0.032,0.082,0.050,0.2464905673,0.0078,Não,Títulos e Val. Mob.,93,0.002650
HSLG11,2024,0,0,0.000,5,96.42,76.51,8.9,968621726,0,665931,0.02,-0.206,0.092,-0.114,0.1634222695,0.0078,Sim,Logística,5,0.000000
TRXF11,2023,0,1,0.000,6,103.67,110.93,11.4,1705241807,0,5048376,0.00,0.070,0.109,0.180,0.08455844617,0.0078,Sim,Híbrido,34,0.000000
VILG11,2021,0,1,0.000,5,126.13,105.55,7.2,1582975148,0,4422637,0.00,-0.163,0.057,-0.106,0.1640352587,0.0078,Sim,Logística,16,0.000000
VIUR11,2023,0,0,0.000,3,7.38,8.00,0.8,215569760,0,361567,0.02,0.084,0.114,0.198,0.1508464891,0.0078,Sim,Outros,9,0.000000
SNFF11,2024,0,1,0.000,3,85.76,75.95,10.3,214938500,0,529028,0.00,-0.114,0.120,0.006,0.1426872702,0.0078,Sim,Títulos e Val. Mob.,76,0.004165
TGAR11,2023,0,1,0.000,7,122.81,121.42,16.5,2326482767,0,4356530,0.00,-0.011,0.134,0.123,0.1228118456,0.0078,Sim,Outros,4,0.032475
BTAL11,2024,0,0,0.000,4,79.74,68.49,9.3,409757589,0,716289,0.00,-0.141,0.117,-0.024,0.1673122312,0.0078,Não,Outros,11,0.085412
XPCI11,2020,0,1,0.000,3,103.69,92.55,7.3,607776868,0,2178768,0.00,-0.107,0.070,-0.037,0.2879867933,0.0077,Não,Títulos e Val. Mob.,76,0.131188
CVBI11,2021,1,1,0.026,4,105.43,102.24,13.6,1075156351,-8331684,3536310,0.00,-0.030,0.129,0.099,0.1079008266,0.0077,Não,Títulos e Val. Mob.,68,0.000000
HGRE11,2024,0,0,0.000,16,131.10,103.60,10.1,1224320661,0,1808435,0.19,-0.210,0.077,-0.133,0.166178439,0.0077,Não,Lajes Corporativas,14,0.016567
VRTA11,2020,1,1,0.058,9,145.21,118.24,8.8,1182400000,-26133767,2601437,0.00,-0.186,0.061,-0.125,0.2340647202,0.0077,Não,Títulos e Val. Mob.,67,0.000000
XPML11,2022,0,1,0.000,5,96.66,95.21,8.5,1778672946,0,3481315,0.04,-0.015,0.088,0.073,0.1757622689,0.0077,Sim,Shoppings,18,0.280059
XPLG11,2021,0,0,0.000,5,121.25,102.96,7.4,2790325241,0,6356372,0.09,-0.151,0.061,-0.090,0.1470666703,0.0077,Não,Logística,19,0.048297
KFOF11,2022,0,0,0.000,4,78.59,78.42,8.3,355502562,0,666354,0.00,-0.002,0.106,0.103,0.1914664008,0.0076,Sim,Títulos e Val. Mob.,28,0.000000
VILG11,2022,0,0,0.000,6,97.18,99.93,8.5,1498689782,0,2439857,0.00,0.028,0.088,0.116,0.1642681627,0.0076,Sim,Logística,27,0.000000
CACR11,2021,0,1,0.000,3,99.72,107.73,13.5,163127675,0,948,0.00,0.080,0.135,0.216,4.914751505,0.0076,Sim,Híbrido,15,0.000000
TRXF11,2021,1,1,0.041,4,99.87,99.93,8.8,723973663,-8520000,2692881,0.00,0.001,0.088,0.089,0.1115519797,0.0075,Sim,Híbrido,30,0.000000
JSRE11,2021,0,0,0.000,10,98.71,82.80,6.4,1719534758,0,2732236,0.13,-0.161,0.064,-0.097,0.1654371264,0.0075,Sim,Híbrido,5,0.000000
BCRI11,2020,1,1,0.059,5,126.19,116.86,10.7,514184000,-8906822,1039929,0.00,-0.074,0.085,0.011,0.2788735141,0.0075,Não,Títulos e Val. Mob.,88,0.000000
PVBI11,2023,0,1,0.000,3,89.96,103.49,7.9,1256597106,0,3580358,0.05,0.150,0.087,0.238,0.1532331378,0.0075,Não,Lajes Corporativas,7,0.068040
RBRX11,2022,0,1,0.000,1,11.17,9.93,0.9,18675232,0,53218,0.00,-0.111,0.082,-0.029,0.172000855,0.0075,Sim,Títulos e Val. Mob.,13,0.011179
PVBI11,2022,1,1,0.044,2,94.36,93.77,6.8,941403259,-16254417,2874745,0.00,-0.006,0.072,0.065,0.1722466475,0.0075,Não,Lajes Corporativas,5,0.181427
XPLG11,2024,1,1,0.011,8,109.45,94.10,9.4,2933655107,-3112786,4778364,0.02,-0.140,0.086,-0.055,0.1380150059,0.0074,Não,Outros,17,0.088599
CPSH11,2024,1,1,0.076,2,11.03,8.99,1.2,716501364,-40952381,1980125,0.05,-0.185,0.112,-0.073,0.1359879919,0.0073,Sim,Shoppings,15,0.162482
VGIR11,2022,0,1,0.000,4,9.88,9.82,1.5,74344922,0,1328660,0.00,-0.006,0.148,0.142,9.055203952,0.0073,Sim,Títulos e Val. Mob.,42,0.023439
RBFF11,2021,0,0,0.000,9,73.41,57.03,5.7,213817731,0,579309,0.00,-0.223,0.077,-0.146,0.19456325,0.0073,Sim,Títulos e Val. Mob.,39,0.000000
XPML11,2021,1,1,0.070,4,116.12,98.61,5.4,1795459621,-41099897,4179451,0.05,-0.151,0.047,-0.104,0.1746297916,0.0072,Sim,Shoppings,15,0.147659
SARE11,2023,0,0,0.000,4,6.58,4.93,0.7,45525242,0,149160,0.05,-0.251,0.100,-0.150,0.2124099572,0.0072,Não,Híbrido,11,0.012267
HSLG11,2023,0,0,0.000,4,88.00,98.50,8.8,1247016600,0,833299,0.00,0.119,0.099,0.219,0.1718152356,0.0072,Sim,Logística,7,0.000000
RBFF11,2024,0,0,0.000,12,60.30,50.82,6.1,190535106,0,578349,0.00,-0.157,0.101,-0.056,0.1885401846,0.0072,Sim,Títulos e Val. Mob.,44,0.005954
RBRP11,2022,0,0,0.000,8,77.00,50.99,5.1,621016742,0,1435099,0.18,-0.338,0.066,-0.272,0.2542986128,0.0072,Sim,Outros,10,0.000000
VIUR11,2024,0,0,0.000,4,7.90,5.95,0.8,160330009,0,371145,0.03,-0.247,0.106,-0.141,0.2209750631,0.0072,Sim,Outros,8,0.000000
GZIT11,2024,0,0,0.000,12,72.00,43.47,7.0,949438312,0,839719,0.03,-0.396,0.098,-0.299,0.2132767811,0.0072,Sim,Híbrido,5,0.271158
ALZR11,2022,0,1,0.000,5,107.62,107.16,14.2,634602699,0,1182153,0.00,-0.004,0.132,0.128,0.1142143033,0.0102,Não,Híbrido,27,0.251012
BTLG11,2021,0,1,0.000,11,110.01,105.51,8.2,1606807570,0,5763269,0.00,-0.041,0.074,0.033,0.1328552875,0.0072,Não,Logística,15,0.117580
RBRR11,2021,0,1,0.000,3,95.32,99.29,9.3,1028843,0,2642608,0.00,0.042,0.098,0.139,0.1233785246,0.0071,Sim,Títulos e Val. Mob.,45,0.012842
RBRF11,2020,1,1,0.037,3,13.55,9.77,0.8,112051925,-24940982,310328,0.00,-0.279,0.060,-0.219,0.3866726007,0.0071,Sim,Títulos e Val. Mob.,63,0.008669
XPLG11,2022,0,0,0.000,6,100.20,99.62,8.4,2699807697,0,4591170,0.08,-0.006,0.084,0.078,0.1477400351,0.0071,Não,Logística,18,0.027103
SNFF11,2022,0,1,0.000,1,87.45,87.35,8.5,218375000,0,548500,0.00,-0.001,0.097,0.095,0.2003778955,0.0071,Sim,Títulos e Val. Mob.,62,0.025351
SNFF11,2023,0,0,0.000,2,87.41,86.53,8.6,244879900,0,415802,0.00,-0.010,0.098,0.088,0.1525487443,0.0071,Sim,Títulos e Val. Mob.,70,0.008797
ALZR11,2023,0,1,0.000,6,109.08,115.86,9.6,1142426639,0,1808863,0.01,0.062,0.088,0.150,0.1045355841,0.0072,Não,Híbrido,25,0.161669
BPML11,2020,0,0,0.000,1,123.06,102.80,1.7,442562121,0,352813,0.06,-0.165,0.014,-0.151,0.3907638984,0.0070,Não,Shoppings,7,0.468300
JSRE11,2023,0,0,0.000,12,70.52,75.06,5.6,1558795640,0,2632865,0.08,0.064,0.079,0.143,0.1985128511,0.0070,Sim,Híbrido,5,0.060301
ICRI11,2024,0,0,0.000,1,99.65,86.89,11.5,335165924,0,825516,0.00,-0.128,0.116,-0.013,0.144193859,0.0070,Não,Títulos e Val. Mob.,24,0.000000
VILG11,2023,0,0,0.000,7,99.92,99.27,8.0,1488791501,0,2413298,0.00,-0.007,0.080,0.073,0.1951222661,0.0069,Sim,Logística,24,0.000000
RZAT11,2022,0,1,0.000,5,104.00,88.41,15.8,327839133,0,1932936,0.00,-0.150,0.152,0.002,0.1404939852,0.0069,Sim,Híbrido,12,0.057332
MXRF11,2020,1,1,0.024,9,13.90,10.33,0.9,10313524,-12084592,6577524,0.00,-0.257,0.062,-0.195,0.232019986,0.0069,Não,Híbrido,74,0.000638
XPLG11,2023,0,1,0.000,7,97.49,109.52,9.2,3243241278,0,4293443,0.04,0.123,0.094,0.218,0.1244799332,0.0069,Não,Logística,20,0.087042
SNCI11,2022,0,1,0.000,1,100.83,98.46,14.9,413532000,0,1793533,0.00,-0.024,0.147,0.124,0.1151545578,0.0068,Não,Títulos e Val. Mob.,36,0.013823
ARRI11,2020,0,0,0.000,2,10.76,9.24,0.6,3625536,0,4514,0.00,-0.141,0.059,-0.082,0.3946774963,0.0068,Sim,Títulos e Val. Mob.,17,0.001030
HGFF11,2022,0,0,0.000,3,74.25,71.82,7.5,205663537,0,526275,0.00,-0.033,0.102,0.069,0.1842644308,0.0068,Sim,Títulos e Val. Mob.,44,0.000490
JSRE11,2022,0,0,0.000,11,80.58,73.00,6.0,1516014944,0,2641282,0.13,-0.094,0.074,-0.020,0.157803556,0.0068,Sim,Híbrido,5,0.005191
RBRP11,2024,0,0,0.000,10,54.99,49.95,6.0,608350388,0,1324600,0.22,-0.092,0.109,0.017,0.1989383349,0.0067,Sim,Outros,83,0.000000
RBVA11,2021,0,0,0.000,9,11.65,10.23,1.1,118547276,0,124812,0.01,-0.122,0.097,-0.025,0.1154151924,0.0067,Não,Outros,80,0.155887
VILG11,2020,0,1,0.000,4,149.00,127.41,6.9,1371040536,0,5713192,0.00,-0.145,0.046,-0.099,0.3525924178,0.0067,Sim,Logística,29,0.000000
XPLG11,2020,0,1,0.000,4,151.17,124.67,7.0,2587831167,0,8313964,0.07,-0.175,0.046,-0.129,0.3047035624,0.0067,Não,Logística,10,0.139320
BTLG11,2024,1,1,0.021,14,103.45,93.86,9.3,4059365313,-24554845,10992083,0.01,-0.093,0.090,-0.003,0.1422155065,0.0066,Não,Híbrido,25,0.129058
RBFF11,2022,0,0,0.000,10,56.20,52.96,6.0,198558426,0,586978,0.00,-0.058,0.106,0.048,0.1929269079,0.0066,Sim,Títulos e Val. Mob.,42,0.000997
TGAR11,2020,1,1,0.058,4,136.82,132.62,12.2,459617329,-23644624,2188559,0.00,-0.031,0.089,0.058,0.2388285963,0.0066,Sim,Outros,23,0.169377
JSRE11,2024,0,0,0.000,13,73.96,57.03,5.7,1184360716,0,2273489,0.06,-0.229,0.077,-0.152,0.17636467,0.0066,Sim,Híbrido,5,0.056126
BPML11,2024,1,1,0.279,5,99.64,72.96,12.3,542949715,-231777067,1043620,0.07,-0.268,0.124,-0.144,0.2297325923,0.0066,Não,Híbrido,5,0.210125
URPR11,2023,0,1,0.000,4,101.71,87.60,14.7,1022751725,0,2627653,0.00,-0.139,0.145,0.006,0.1496925058,0.0065,Sim,Outros,44,0.011430
KORE11,2024,0,0,0.000,1,106.25,83.50,15.0,803687500,0,2099850,0.00,-0.214,0.141,-0.073,0.1922990488,0.0065,Não,Títulos e Val. Mob.,4,0.000000
ALZR11,2024,0,1,0.000,7,116.22,100.75,9.1,1231832469,0,1915553,0.02,-0.133,0.078,-0.055,0.1047887662,0.0085,Não,Híbrido,27,0.177558
VINO11,2024,0,0,0.000,11,7.57,4.99,0.7,413303212,0,999259,0.04,-0.341,0.089,-0.252,0.2287137359,0.0065,Sim,Lajes Corporativas,17,0.000000
HFOF11,2024,0,0,0.000,11,78.50,57.91,7.2,1334500567,0,1955559,0.00,-0.262,0.092,-0.171,0.1115846561,0.0065,Sim,Títulos e Val. Mob.,60,0.000000
HGFF11,2020,1,1,0.083,1,117.00,94.50,7.0,270609917,-17587937,540522,0.00,-0.192,0.060,-0.132,0.4003056013,0.0064,Sim,Títulos e Val. Mob.,33,0.000000
XPIN11,2021,1,1,0.124,4,116.50,94.03,7.5,619334989,-9877225,1253527,0.12,-0.193,0.065,-0.128,0.1323467045,0.0063,Não,Outros,91,0.037917
VGHF11,2021,1,1,0.015,1,9.90,9.85,1.2,162238464,-2318841,783175,0.00,-0.005,0.124,0.119,0.1198422922,0.0062,Sim,Outros,64,0.002286
RBFF11,2023,0,0,0.000,11,50.61,61.00,6.1,228702115,0,412483,0.00,0.205,0.120,0.325,0.1767775928,0.0062,Sim,Títulos e Val. Mob.,41,0.001726
HGBS11,2020,0,0,0.000,14,30.32,21.77,0.8,217700000,0,506327,0.07,-0.282,0.025,-0.257,0.3448167568,0.0062,Não,Shoppings,11,0.000000
HGBS11,2024,0,1,0.000,18,22.72,18.61,2.0,236901578,0,418850,0.05,-0.181,0.090,-0.091,0.1274797393,0.0062,Não,Shoppings,16,0.005864
SARE11,2024,0,0,0.000,5,4.80,3.66,0.4,337976441,0,256376,0.21,-0.238,0.073,-0.165,0.2483314728,0.0061,Não,Híbrido,10,0.000634
HGLG11,2021,0,1,0.000,11,176.52,167.49,13.6,3569783543,0,6880681,0.10,-0.051,0.077,0.026,0.1294776594,0.0061,Não,Logística,21,0.000000
HGLG11,2022,0,1,0.000,12,165.65,162.43,16.5,3810067720,0,5354377,0.09,-0.019,0.100,0.080,0.1200515716,0.0061,Não,Logística,19,0.004191
VILG11,2024,0,0,0.000,8,98.40,74.60,7.3,1118805742,0,2263434,0.02,-0.242,0.075,-0.167,0.1902594973,0.0061,Sim,Logística,23,0.000000
PVBI11,2024,1,1,0.012,4,103.42,76.55,7.5,2076806629,-4202643,6217938,0.14,-0.260,0.072,-0.188,0.1743894589,0.0060,Não,Lajes Corporativas,12,0.008173
SPXS11,2023,0,1,0.000,1,9.72,9.50,1.2,191795880,0,160789,0.00,-0.023,0.127,0.104,0.238668658,0.0059,Sim,Híbrido,39,0.011683
AIEC11,2023,0,0,0.000,4,67.19,57.50,7.8,277436753,0,577213,0.00,-0.144,0.117,-0.028,0.1690092295,0.0059,Não,Lajes Corporativas,2,-0.000125
HGLG11,2024,0,0,0.000,14,161.99,156.13,13.2,5275254085,0,7748144,0.06,-0.036,0.081,0.045,0.1165983985,0.0059,Não,Logística,27,0.086475
HGRU11,2020,0,1,0.000,2,131.79,128.18,8.2,2359339786,0,6382065,0.00,-0.027,0.062,0.035,0.2899135247,0.0059,Sim,Híbrido,81,0.000000
WHGR11,2023,0,0,0.000,3,8.60,9.85,1.2,247131880,0,631588,0.00,0.145,0.142,0.287,0.1242683666,0.0059,Sim,Híbrido,33,0.007696
HFOF11,2021,0,1,0.000,8,110.07,87.47,7.2,2010673502,0,3290254,0.00,-0.205,0.065,-0.140,0.09693809723,0.0058,Sim,Títulos e Val. Mob.,47,0.000000
KISU11,2024,0,0,0.000,4,8.58,7.10,0.9,313791955,0,836934,0.00,-0.172,0.105,-0.068,0.1449652531,0.0058,Não,Títulos e Val. Mob.,37,0.000000
HGRU11,2024,1,1,0.017,6,138.16,117.93,11.8,2740460170,-20306049,4027570,0.01,-0.146,0.085,-0.061,0.1160746325,0.0058,Sim,Híbrido,106,0.081644
XPIN11,2022,0,0,0.000,5,92.18,73.82,7.5,527844152,0,516445,0.16,-0.199,0.081,-0.118,0.156952984,0.0057,Não,Outros,91,0.154418
BPFF11,2024,0,0,0.000,12,70.63,56.00,7.4,251570256,0,405450,0.00,-0.207,0.104,-0.103,0.1404227027,0.0057,Sim,Títulos e Val. Mob.,49,0.000297
RBVA11,2020,0,1,0.000,8,16.96,11.78,1.1,125974507,0,207174,0.01,-0.305,0.064,-0.241,0.2697593674,0.0057,Não,Outros,85,0.050459
BTRA11,2024,0,0,0.000,3,61.18,42.20,3.7,141984390,0,499755,0.00,-0.310,0.060,-0.250,0.3133749288,0.0057,Sim,Outros,6,0.122085
CPTS11,2021,1,1,0.045,8,10.28,9.57,1.2,175884551,-17519742,895045,0.00,-0.069,0.120,0.051,0.08561777526,0.0056,Sim,Títulos e Val. Mob.,144,0.066062
HFOF11,2023,1,1,0.011,10,73.08,80.17,7.2,1847468666,-3751500,2029859,0.00,0.097,0.099,0.196,0.1493407438,0.0056,Sim,Títulos e Val. Mob.,42,0.000010
HFOF11,2022,0,1,0.000,9,87.05,74.07,7.2,1704498840,0,1502522,0.00,-0.149,0.083,-0.066,0.1319939068,0.0056,Sim,Títulos e Val. Mob.,51,0.000044
VIUR11,2021,0,0,0.000,1,10.00,7.80,0.4,21018052,0,31492,0.00,-0.220,0.037,-0.183,0.2933747065,0.0056,Sim,Outros,5,0.000000
XPIN11,2023,0,0,0.000,6,72.29,80.20,7.8,573463844,0,534378,0.12,0.109,0.108,0.217,0.1517796629,0.0056,Não,Outros,100,0.180899
XPIN11,2020,1,1,0.041,3,193.00,117.80,7.6,775897710,-17001666,2826733,0.07,-0.390,0.039,-0.350,0.4038051582,0.0055,Não,Outros,91,0.064166
AIEC11,2022,0,0,0.000,3,75.45,69.45,9.8,335095347,0,622907,0.00,-0.080,0.130,0.051,0.1913955765,0.0055,Não,Lajes Corporativas,2,0.009698
HGBS11,2021,0,0,0.000,15,21.75,19.33,0.9,193300000,0,185100,0.06,-0.111,0.040,-0.071,0.1714817358,0.0055,Não,Shoppings,12,0.000000
HSLG11,2022,0,0,0.000,3,96.65,88.90,8.0,1125479956,0,597861,0.01,-0.080,0.083,0.002,0.1880793949,0.0055,Sim,Logística,4,0.000000
RBVA11,2023,0,1,0.000,11,9.24,11.36,1.2,141833394,0,89173,0.06,0.229,0.130,0.359,0.1236972838,0.0055,Não,Outros,73,0.152347
XPIN11,2024,0,0,0.000,7,80.09,67.62,7.8,483511536,0,527124,0.08,-0.156,0.097,-0.059,0.1501927923,0.0055,Não,Outros,97,0.108753
HGLG11,2020,0,1,0.000,10,208.19,177.75,11.0,2112063183,0,7283769,0.10,-0.146,0.053,-0.093,0.3590527756,0.0054,Não,Logística,11,0.000000
HGPO11,2020,0,0,0.000,10,219.50,225.08,11.0,371382000,0,542070,0.01,0.025,0.050,0.076,0.2396403278,0.0054,Não,Lajes Corporativas,2,0.000000
RCRB11,2020,1,1,0.151,20,266.00,166.20,10.3,613393509,-26625026,1344787,0.06,-0.375,0.039,-0.336,0.4131969679,0.0054,Não,Lajes Corporativas,9,0.040095
XPML11,2023,1,1,0.142,6,95.00,117.31,10.0,2946515742,-74665322,8249057,0.05,0.235,0.105,0.340,0.1305112394,0.0053,Sim,Shoppings,20,0.208272
HGPO11,2023,0,0,0.000,13,259.40,282.99,18.8,496097600,0,659004,0.02,0.091,0.072,0.163,0.1343903394,0.0053,Não,Lajes Corporativas,2,0.000000
RCRB11,2021,0,0,0.000,21,166.40,139.00,10.1,513006605,0,642926,0.12,-0.165,0.061,-0.104,0.231328888,0.0053,Não,Lajes Corporativas,9,0.032409
RBVA11,2024,0,1,0.000,12,11.30,8.90,1.2,138967315,0,165826,0.07,-0.212,0.104,-0.108,0.1438118566,0.0053,Não,Outros,81,0.162959
MCCI11,2020,1,1,0.059,4,109.51,102.99,7.1,745300009,-17802266,2157019,0.00,-0.060,0.065,0.005,0.2878311919,0.0053,Sim,Títulos e Val. Mob.,29,0.000312
AIEC11,2024,0,0,0.000,5,57.07,47.14,8.4,227449887,0,502933,0.00,-0.174,0.147,-0.027,0.1792760073,0.0052,Não,Lajes Corporativas,2,0.000000
HGPO11,2022,0,0,0.000,12,236.01,263.21,17.6,461422133,0,601541,0.04,0.115,0.075,0.190,0.1492604832,0.0052,Não,Lajes Corporativas,2,0.000000
RZTR11,2021,0,1,0.000,2,103.05,101.71,10.6,1123693911,0,3175526,0.00,-0.013,0.103,0.090,0.1461493053,0.0052,Sim,Híbrido,12,0.059555
KCRE11,2022,0,0,0.000,1,10.24,8.84,0.9,31824000,0,30435,0.00,-0.137,0.091,-0.046,0.1261194425,0.0052,Não,Títulos e Val. Mob.,23,0.000000
BCIA11,2021,0,0,0.000,7,114.90,85.97,7.7,319725697,0,547108,0.00,-0.252,0.067,-0.185,0.1541567837,0.0051,Sim,Títulos e Val. Mob.,48,0.003272
BCIA11,2024,0,0,0.000,10,103.60,86.96,10.4,323407544,0,816938,0.00,-0.161,0.101,-0.060,0.1690874441,0.0051,Sim,Títulos e Val. Mob.,53,0.004737
KISU11,2023,0,0,0.000,3,7.89,8.66,0.9,382737793,0,819209,0.00,0.098,0.115,0.213,0.1243811109,0.0051,Não,Títulos e Val. Mob.,36,0.000000
RCRB11,2024,0,0,0.000,24,159.59,125.57,11.6,463440571,0,915401,0.04,-0.213,0.072,-0.141,0.2253560839,0.0051,Não,Lajes Corporativas,9,0.124738
HFOF11,2020,1,1,0.042,7,134.57,112.01,8.4,2413479470,-6632709,4819608,0.00,-0.168,0.062,-0.105,0.2110149268,0.0051,Sim,Títulos e Val. Mob.,42,0.000000
ITRI11,2024,0,0,0.000,1,100.00,72.15,7.0,450937500,0,1619841,0.00,-0.279,0.070,-0.208,0.1873342747,0.0051,Não,Híbrido,41,0.000000
BLMG11,2024,0,1,0.000,5,54.90,26.04,5.1,111159734,0,748057,0.00,-0.526,0.093,-0.433,0.3107367425,0.0050,Sim,Outros,2,0.182693
HGBS11,2022,0,0,0.000,16,19.26,19.15,1.6,191500000,0,173182,0.06,-0.006,0.082,0.076,0.1673306531,0.0050,Não,Shoppings,12,0.000444
HGPO11,2021,0,1,0.000,11,228.80,241.39,14.5,423170429,0,321796,0.02,0.055,0.064,0.119,0.1571218518,0.0050,Não,Lajes Corporativas,2,0.000000
KISU11,2022,0,0,0.000,2,8.06,8.10,0.9,357988005,0,1058561,0.00,0.005,0.115,0.120,0.1748535613,0.0050,Não,Títulos e Val. Mob.,36,0.000000
VGIP11,2021,1,1,0.032,1,110.58,101.15,13.8,669944974,-4724782,2560201,0.00,-0.085,0.125,0.040,0.1326422608,0.0049,Sim,Títulos e Val. Mob.,42,0.037344
XPML11,2020,0,0,0.000,3,137.63,115.77,3.1,2107903461,0,7063644,0.04,-0.159,0.023,-0.136,0.4037234488,0.0049,Sim,Shoppings,17,0.128031
HGLG11,2023,0,1,0.000,13,159.96,161.99,13.6,5473249274,0,9476002,0.15,0.013,0.085,0.098,0.08263354459,0.0048,Não,Logística,25,0.000000
XPML11,2024,0,1,0.000,7,117.59,97.67,11.0,5403123055,0,15244652,0.04,-0.169,0.093,-0.076,0.1399776916,0.0048,Sim,Shoppings,31,0.173448
KNHF11,2023,1,1,0.012,1,103.87,106.48,4.9,894893910,-9885330,1175805,0.00,0.025,0.048,0.073,0.1002729085,0.0046,Não,Híbrido,31,0.000000
RCRB11,2023,0,0,0.000,23,126.46,161.00,9.1,594201895,0,828793,0.15,0.273,0.072,0.345,0.2524587506,0.0046,Não,Lajes Corporativas,9,0.124522
KIVO11,2022,1,1,0.022,1,101.77,98.82,13.4,120078554,-2779622,121866,0.00,-0.029,0.131,0.102,0.2621718505,0.0046,Sim,Títulos e Val. Mob.,28,0.000000
BTAL11,2021,0,0,0.000,1,102.10,99.00,6.1,592290864,0,886348,0.00,-0.030,0.060,0.029,0.1847762537,0.0046,Não,Logística,11,0.128158
FATN11,2024,0,0,0.000,6,99.35,84.27,10.2,304113997,0,1063337,0.04,-0.152,0.103,-0.049,0.08506141639,0.0045,Não,Híbrido,59,0.197977
MALL11,2020,0,0,0.000,4,134.62,110.93,4.6,838669736,0,2613678,0.03,-0.176,0.034,-0.142,0.4403844998,0.0045,Não,Shoppings,12,0.002346
MALL11,2023,0,1,0.000,7,108.27,122.79,9.7,1120416879,0,2403086,0.05,0.134,0.089,0.223,0.108654054,0.0045,Não,Shoppings,15,0.160982
MANA11,2023,1,1,0.013,1,10.08,9.45,1.3,202129603,-668724,194874,0.00,-0.063,0.130,0.067,0.2621869567,0.0044,Sim,Títulos e Val. Mob.,24,0.015596
MALL11,2021,0,0,0.000,5,109.25,101.37,6.5,766425523,0,1704235,0.03,-0.072,0.060,-0.012,0.1605472769,0.0044,Não,Shoppings,16,0.026524
RCRB11,2022,0,0,0.000,22,136.79,127.10,8.0,469087335,0,666543,0.26,-0.071,0.058,-0.013,0.2703528401,0.0044,Não,Lajes Corporativas,9,0.127496
CYCR11,2022,0,1,0.000,3,10.26,8.89,1.4,14504782,0,77369,0.00,-0.134,0.135,0.001,0.2498750519,0.0043,Sim,Títulos e Val. Mob.,15,0.010584
MALL11,2024,0,1,0.000,8,122.35,95.48,10.0,1238856246,0,3193581,0.05,-0.220,0.082,-0.138,0.1302254341,0.0043,Não,Shoppings,17,0.102250
TRXF11,2020,1,1,0.033,3,116.67,100.75,6.8,478338634,-45748800,1565378,0.00,-0.136,0.058,-0.078,0.2989650598,0.0043,Sim,Híbrido,28,0.000000
HGBS11,2023,1,1,0.013,17,18.96,23.25,2.0,295967850,-6390000,319096,0.07,0.226,0.107,0.333,0.1158959861,0.0043,Não,Shoppings,14,0.000089
FATN11,2020,0,0,0.000,2,109.55,112.54,1.8,60493064,0,94690,0.14,0.027,0.016,0.043,0.4841471084,0.0042,Não,Híbrido,10,0.000895
WHGR11,2024,0,1,0.000,4,9.73,8.66,1.2,260902834,0,509486,0.00,-0.110,0.123,0.013,0.1400235141,0.0042,Sim,Híbrido,52,0.003573
BTLG11,2020,1,1,0.014,10,120.29,110.02,6.6,372362800,-7050000,3152528,0.10,-0.085,0.055,-0.031,0.306777338,0.0042,Não,Logística,7,0.074183
BPFF11,2021,0,0,0.000,9,79.50,71.66,6.8,321920081,0,835891,0.00,-0.099,0.086,-0.013,0.1605883516,0.0041,Sim,Títulos e Val. Mob.,53,0.000092
RBRP11,2023,0,0,0.000,9,48.51,54.80,3.2,667419444,0,1055410,0.32,0.130,0.066,0.196,0.2809367519,0.0040,Sim,Outros,13,0.000000
RZAK11,2021,0,0,0.000,1,97.44,92.28,7.7,277000014,0,1191155,0.00,-0.053,0.079,0.026,0.217458974,0.0040,Sim,Títulos e Val. Mob.,15,0.061953
RZAT11,2020,0,1,0.000,3,99.13,128.87,14.4,3006408,0,12430,0.00,0.300,0.145,0.445,0.4560197835,0.0039,Sim,Outros,2,0.056850
FATN11,2021,0,0,0.000,3,112.54,107.26,8.1,86999015,0,40623,0.00,-0.047,0.072,0.025,0.3757053988,0.0039,Não,Híbrido,28,0.171689
AIEC11,2021,0,0,0.000,2,94.79,73.50,7.1,354636545,0,517030,0.00,-0.225,0.075,-0.150,0.2361816263,0.0038,Não,Lajes Corporativas,2,0.014076
HSAF11,2021,1,1,0.023,2,92.00,95.65,11.9,169647136,-1646633,468189,0.00,0.040,0.129,0.169,0.1653133034,0.0038,Sim,Títulos e Val. Mob.,49,0.000000
AJFI11,2024,0,0,0.000,1,9.68,7.55,0.8,238776134,0,939223,0.00,-0.220,0.087,-0.133,0.1453277916,0.0037,Não,Títulos e Val. Mob.,7,0.052400
RZAT11,2021,1,1,0.031,4,128.87,104.05,18.0,166226950,-6400000,574834,0.00,-0.193,0.140,-0.053,0.3041637841,0.0037,Sim,Híbrido,7,0.106329
MALL11,2022,0,1,0.000,6,101.60,109.01,9.0,994679078,0,1623399,0.05,0.073,0.088,0.161,0.124906283,0.0035,Não,Shoppings,13,0.244261
KISU11,2021,0,1,0.000,1,10.50,8.09,0.7,357546045,0,759057,0.00,-0.230,0.070,-0.160,0.3147564349,0.0034,Não,Títulos e Val. Mob.,39,0.000069
RBRP11,2020,0,0,0.000,6,101.10,95.00,5.7,812507634,0,2950361,0.07,-0.060,0.057,-0.004,0.3364727877,0.0034,Sim,Outros,24,0.000000
RVBI11,2024,0,0,0.000,5,83.75,64.40,9.0,661775173,0,1663124,0.00,-0.231,0.107,-0.124,0.1873553126,0.0034,Sim,Títulos e Val. Mob.,102,0.000000
VCJR11,2020,1,1,0.014,1,105.30,106.00,6.9,615993454,-7050000,559306,0.00,0.007,0.065,0.072,0.3669586024,0.0033,Não,Títulos e Val. Mob.,20,0.000000
HSLG11,2021,0,0,0.000,2,108.00,96.20,7.0,1217898445,0,1091337,0.03,-0.109,0.065,-0.044,0.1948046932,0.0032,Sim,Logística,5,0.000000
HSAF11,2020,0,0,0.000,1,95.91,95.30,1.4,86070957,0,143457,0.00,-0.006,0.014,0.008,0.2558560591,0.0032,Sim,Títulos e Val. Mob.,33,0.000000
WHGR11,2022,1,1,0.055,2,10.55,8.72,0.6,218780710,-11230240,556715,0.00,-0.173,0.061,-0.113,0.2391802048,0.0031,Sim,Híbrido,18,0.010896
URPR11,2024,0,0,0.000,5,86.14,59.45,12.0,697580058,0,1843323,0.00,-0.310,0.139,-0.170,0.1970242788,0.0031,Sim,Outros,39,0.002613
RZTR11,2020,0,0,0.000,1,99.99,105.10,1.6,514709173,0,1634225,0.00,0.051,0.016,0.067,0.08949754577,0.0030,Sim,Híbrido,18,0.064678
BCIA11,2020,0,1,0.000,6,224.00,115.21,9.2,428470368,0,629299,0.00,-0.486,0.041,-0.445,0.5672932669,0.0030,Sim,Títulos e Val. Mob.,46,0.076420
BPFF11,2020,1,1,0.136,8,126.80,80.60,6.8,361788172,-47392864,606848,0.00,-0.364,0.053,-0.311,0.359208754,0.0030,Sim,Títulos e Val. Mob.,53,0.000000
GTWR11,2020,0,0,0.000,5,118.99,111.71,8.2,1340520000,0,2345747,0.00,-0.061,0.069,0.007,0.1906294225,0.0028,Não,Lajes Corporativas,3,0.000267
CACR11,2023,1,1,0.046,5,99.86,102.13,17.5,390521324,-9617908,720396,0.00,0.023,0.175,0.198,0.09193532019,0.0028,Sim,Híbrido,8,0.171614
TVRI11,2023,0,0,0.000,12,94.96,97.84,10.8,1557582470,0,1229621,0.03,0.030,0.114,0.144,0.1770312538,0.0027,Não,Lajes Corporativas,64,0.001612
TVRI11,2024,0,0,0.000,13,96.90,87.20,11.7,1388196968,0,1254441,0.03,-0.100,0.121,0.021,0.1553361391,0.0027,Não,Lajes Corporativas,63,0.002295
HSML11,2021,0,0,0.000,2,94.07,81.38,5.1,1284226286,0,2563814,0.05,-0.135,0.054,-0.081,0.1352615078,0.0027,Sim,Shoppings,5,0.000000
AFHI11,2021,0,0,0.000,1,92.81,94.69,7.4,169274567,0,729646,0.00,0.020,0.080,0.100,0.1831433773,0.0026,Não,Títulos e Val. Mob.,19,0.000322
GTWR11,2021,0,0,0.000,6,108.65,89.47,8.1,1073640000,0,1508933,0.00,-0.177,0.075,-0.102,0.2071647252,0.0025,Não,Lajes Corporativas,3,0.000277
GTWR11,2022,0,0,0.000,7,89.18,79.50,8.9,954000000,0,747599,0.00,-0.109,0.100,-0.008,0.193533713,0.0025,Não,Lajes Corporativas,3,0.000205
GTWR11,2023,0,0,0.000,8,77.39,87.09,9.5,1045080000,0,983775,0.00,0.125,0.122,0.248,0.1452931055,0.0025,Não,Lajes Corporativas,3,0.000223
GTWR11,2024,0,0,0.000,9,86.26,71.47,9.5,857640000,0,1095013,0.00,-0.171,0.110,-0.061,0.1327387334,0.0025,Não,Lajes Corporativas,3,0.000224
FATN11,2022,1,1,0.010,4,107.26,101.25,9.9,123036874,-525347,66460,0.00,-0.056,0.092,0.036,0.2917147101,0.0025,Não,Híbrido,37,0.301856
URPR11,2020,1,1,0.014,1,114.61,131.85,14.8,99512469,-616500,337302,0.00,0.150,0.129,0.279,0.2703655597,0.0024,Sim,Outros,16,0.114337
CPTS11,2020,1,1,0.023,7,10.47,10.39,0.8,80565400,-14316961,342418,0.00,-0.008,0.080,0.073,0.1237693183,0.0024,Sim,Títulos e Val. Mob.,62,0.010208
TEPP11,2021,0,0,0.000,5,89.11,75.20,5.5,317491918,0,455398,0.15,-0.156,0.062,-0.094,0.2093430157,0.0023,Não,Lajes Corporativas,68,0.000000
LVBI11,2020,0,1,0.000,2,136.58,119.70,7.0,902285313,0,2952289,0.06,-0.124,0.051,-0.073,0.3529648353,0.0023,Não,Logística,8,0.011390
SARE11,2022,0,0,0.000,3,7.10,6.79,0.8,62701094,0,116860,0.06,-0.044,0.107,0.063,0.1794958907,0.0022,Não,Híbrido,11,0.003481
BPFF11,2023,0,0,0.000,11,64.60,71.30,7.4,320302844,0,329851,0.00,0.104,0.115,0.219,0.1302625674,0.0021,Sim,Títulos e Val. Mob.,47,0.001049
TEPP11,2020,1,1,0.092,4,85.72,91.78,6.1,331960000,-5046818,816834,0.15,0.071,0.071,0.142,0.2520726629,0.0019,Não,Lajes Corporativas,71,0.000000
RECR11,2024,0,0,0.000,7,88.06,74.54,10.6,1970960591,0,2873557,0.00,-0.154,0.120,-0.033,0.1625099676,0.0019,Não,Títulos e Val. Mob.,307,0.000000
ARRI11,2023,0,1,0.000,5,9.23,9.12,1.2,119072881,0,295912,0.00,-0.012,0.133,0.121,0.1435202734,0.0018,Sim,Títulos e Val. Mob.,22,0.012532
ARRI11,2022,1,1,0.026,4,9.56,9.29,1.5,113603480,-2235268,162055,0.00,-0.028,0.160,0.132,0.1296691976,0.0018,Sim,Títulos e Val. Mob.,21,0.003591
CLIN11,2023,0,1,0.000,1,103.00,100.00,2.2,434676300,0,482544,0.00,-0.029,0.021,-0.008,0.2328835539,0.0018,Sim,Títulos e Val. Mob.,30,0.000041
RECR11,2023,0,0,0.000,6,89.40,87.90,10.9,2324221035,0,4167444,0.00,-0.017,0.121,0.105,0.1482181411,0.0017,Não,Títulos e Val. Mob.,272,0.000000
HABT11,2024,0,0,0.000,6,88.60,78.49,12.3,637871198,0,1520798,0.00,-0.114,0.138,0.024,0.1635766208,0.0017,Sim,Títulos e Val. Mob.,127,0.000452
SARE11,2021,1,1,0.018,2,9.60,7.10,0.7,65563736,-6570260,81620,0.01,-0.260,0.077,-0.183,0.2497936225,0.0016,Não,Híbrido,13,0.000000
HSML11,2020,0,0,0.000,1,123.27,94.04,4.3,1484008847,0,5108972,0.05,-0.237,0.035,-0.203,0.3493234979,0.0016,Sim,Shoppings,7,0.000000
BPML11,2021,0,0,0.000,2,101.83,76.92,2.9,331146677,0,247026,0.06,-0.245,0.029,-0.216,0.3559387887,0.0015,Não,Shoppings,7,0.433010
BCIA11,2023,0,0,0.000,9,82.61,103.96,9.8,386631190,0,650005,0.00,0.258,0.118,0.376,0.1322215769,0.0015,Sim,Títulos e Val. Mob.,55,0.002112
RECR11,2020,1,1,0.067,3,102.78,110.99,11.2,1100616241,-14400005,3487248,0.00,0.080,0.109,0.189,0.1574152436,0.0015,Não,Títulos e Val. Mob.,82,0.000000
FATN11,2023,0,1,0.000,5,102.64,99.14,10.1,275718452,0,282918,0.00,-0.034,0.099,0.064,0.1014158847,0.0015,Não,Híbrido,61,0.275662
OUJP11,2023,0,0,0.000,7,97.00,98.59,13.7,320652539,0,720838,0.00,0.016,0.141,0.158,0.1389479171,0.0015,Sim,Híbrido,2,0.000000
OUJP11,2024,0,0,0.000,8,96.95,74.00,10.9,240676416,0,706650,0.00,-0.237,0.113,-0.124,0.1695171895,0.0015,Sim,Híbrido,2,0.000042
RECR11,2021,0,1,0.000,4,111.69,99.79,14.1,2420799623,0,6950655,0.00,-0.107,0.127,0.020,0.1433274775,0.0015,Não,Títulos e Val. Mob.,116,0.000000
RECT11,2020,1,1,0.098,2,119.78,97.10,9.4,677160447,-10806822,2565231,0.11,-0.189,0.078,-0.111,0.2251038886,0.0015,Não,Híbrido,10,0.000000
OUJP11,2020,1,1,0.023,4,118.95,107.88,7.9,246507202,-3312038,746476,0.00,-0.093,0.066,-0.027,0.3601053661,0.0015,Sim,Híbrido,2,0.000000
OUJP11,2022,0,0,0.000,6,88.51,98.90,15.3,321660778,0,701228,0.00,0.117,0.172,0.290,0.1393463348,0.0014,Sim,Híbrido,2,0.000000
PATL11,2024,0,0,0.000,5,67.90,48.98,7.0,244485384,0,568624,0.04,-0.279,0.103,-0.176,0.1810251156,0.0013,Não,Logística,4,0.002728
PATL11,2022,0,0,0.000,3,73.84,70.33,7.0,351054657,0,1083724,0.00,-0.048,0.094,0.047,0.1789598168,0.0013,Não,Logística,4,0.000875
RECT11,2021,1,1,0.095,3,97.70,73.43,7.1,600609450,-22444630,1819186,0.25,-0.248,0.073,-0.176,0.1856803215,0.0013,Não,Híbrido,10,0.000000
RBRL11,2020,0,1,0.000,1,101.00,109.00,5.9,617337741,0,297771,0.00,0.079,0.059,0.138,1.34552869,0.0013,Sim,Logística,15,0.000000
SARE11,2020,0,1,0.000,1,11.20,9.69,0.3,34883826,0,50366,0.00,-0.135,0.025,-0.110,0.3482875487,0.0013,Não,Híbrido,2,0.000000
PATL11,2023,0,0,0.000,4,69.33,69.00,7.1,344415915,0,655706,0.03,-0.005,0.103,0.098,0.2439552216,0.0013,Não,Logística,4,0.001114
OUJP11,2021,1,1,0.033,5,106.28,92.00,8.7,299219328,-3404005,863630,0.00,-0.134,0.081,-0.053,0.2014218695,0.0012,Sim,Híbrido,2,0.000000
PORD11,2022,0,0,0.000,10,9.44,9.08,1.5,33853645,0,82467,0.00,-0.038,0.155,0.117,0.1125169568,0.0012,Sim,Títulos e Val. Mob.,34,0.000858
DEVA11,2023,0,0,0.000,3,89.00,43.20,8.3,606740026,0,2827476,0.00,-0.515,0.093,-0.421,0.4242366467,0.0012,Sim,Títulos e Val. Mob.,142,0.000740
DEVA11,2021,1,1,0.010,1,117.84,103.66,17.7,1441466935,-8845856,6290031,0.00,-0.120,0.150,0.030,0.2452943991,0.0012,Sim,Títulos e Val. Mob.,143,0.021974
PVBI11,2021,1,1,0.046,1,97.82,96.70,6.5,939924000,-16171207,2617896,0.00,-0.011,0.066,0.055,0.1639661055,0.0011,Não,Lajes Corporativas,5,0.134083
ARRI11,2024,1,1,0.014,6,9.05,8.18,1.2,169491064,-990566,427462,0.00,-0.096,0.130,0.034,0.1228266612,0.0011,Sim,Títulos e Val. Mob.,30,0.004527
RECT11,2022,1,1,0.411,4,73.44,53.89,6.1,460408838,-13901786,684375,0.13,-0.266,0.083,-0.184,0.1561485007,0.0011,Não,Híbrido,116,0.000000
PATL11,2021,0,0,0.000,2,94.10,74.94,6.8,374065633,0,1260157,0.06,-0.204,0.072,-0.131,0.1762208472,0.0011,Não,Logística,2,0.003505
TGAR11,2024,0,1,0.000,8,119.18,88.29,14.9,2080815927,0,8579109,0.00,-0.259,0.125,-0.134,0.1656839338,0.0011,Sim,Híbrido,15,0.019905
CACR11,2022,0,1,0.000,4,105.30,101.53,17.7,183508774,0,420694,0.00,-0.036,0.168,0.132,0.1043908071,0.0011,Sim,Híbrido,21,0.000377
PORD11,2020,1,1,0.033,8,10.49,10.44,0.9,20596502,-5103094,24282,0.00,-0.005,0.082,0.077,0.2538173548,0.0010,Sim,Híbrido,32,0.004707
PORD11,2023,0,0,0.000,11,8.98,9.08,1.2,33853645,0,68632,0.00,0.011,0.138,0.149,0.1220750361,0.0010,Sim,Títulos e Val. Mob.,38,0.001955
PORD11,2024,0,0,0.000,12,8.99,7.85,1.1,29267744,0,446796,0.00,-0.127,0.121,-0.006,0.1564717334,0.0010,Sim,Títulos e Val. Mob.,37,0.002013
SNEL11,2024,0,1,0.000,3,8.03,8.63,1.2,220876384,0,381609,0.00,0.075,0.149,0.224,14.34519609,0.0010,Sim,Híbrido,9,0.091892
BROF11,2024,0,0,0.000,2,61.10,43.77,6.0,508205241,0,705391,0.05,-0.284,0.097,-0.186,0.2095440381,0.0009,Não,Híbrido,3,0.152340
RECT11,2023,0,0,0.000,5,54.42,47.54,5.5,406157657,0,488136,0.10,-0.126,0.100,-0.026,0.1900334098,0.0009,Não,Híbrido,117,0.000000
DEVA11,2024,0,0,0.000,4,43.65,29.24,6.1,410673110,0,1177743,0.00,-0.330,0.140,-0.190,0.278530974,0.0008,Sim,Títulos e Val. Mob.,136,0.000769
KNUQ11,2023,0,1,0.000,1,101.76,102.56,6.5,170664865,0,642067,0.00,0.008,0.064,0.072,0.07008535708,0.0008,Não,Títulos e Val. Mob.,6,0.000000
PORD11,2021,1,1,0.028,9,10.35,9.60,1.0,35792400,0,54720,0.00,-0.072,0.097,0.024,0.1320383293,0.0008,Sim,Títulos e Val. Mob.,30,0.002473
PATL11,2020,0,0,0.000,1,97.85,96.00,2.2,479187360,0,1523214,0.07,-0.019,0.022,0.003,0.1499452432,0.0007,Não,Logística,2,0.004545
BPFF11,2022,0,0,0.000,10,67.50,64.18,8.0,288317483,0,475486,0.00,-0.049,0.119,0.069,0.1593808362,0.0007,Sim,Títulos e Val. Mob.,49,0.000305
RECT11,2024,0,0,0.000,6,47.45,28.00,4.5,239217804,0,421762,0.10,-0.410,0.094,-0.316,0.1782351034,0.0007,Não,Híbrido,116,0.000000
RECR11,2022,0,1,0.000,5,100.51,87.78,13.1,2321048037,0,5641430,0.00,-0.127,0.130,0.003,0.1223112837,0.0006,Não,Títulos e Val. Mob.,235,0.000000
AIEC11,2020,0,0,0.000,1,95.49,94.95,0.7,458132516,0,460446,0.00,-0.006,0.007,0.001,0.1763231091,0.0005,Não,Lajes Corporativas,2,0.000000
HSLG11,2020,1,1,0.136,1,108.50,108.20,0.3,358215901,-73892000,7344958,0.03,-0.003,0.003,0.000,0.06808369081,0.0005,Sim,Logística,3,0.000000
SNEL11,2023,0,1,0.000,2,8.07,7.92,0.2,3960206,0,69374,0.00,-0.019,0.025,0.006,0.4146778293,0.0005,Sim,Híbrido,4,0.022593
BARI11,2020,0,0,0.000,3,109.75,115.41,9.3,257847983,0,769346,0.00,0.052,0.085,0.137,0.1927069512,0.0005,Sim,Títulos e Val. Mob.,15,0.000000
BARI11,2021,1,1,0.015,4,113.21,103.85,15.0,453117385,-3040000,1930028,0.00,-0.083,0.132,0.050,0.1160868002,0.0005,Sim,Títulos e Val. Mob.,29,0.000229
CPSH11,2023,1,1,0.100,1,10.55,11.04,0.6,47554369,-35657154,152599,0.05,0.046,0.057,0.103,0.1824335521,0.0004,Sim,Shoppings,14,0.264323
BROF11,2023,0,0,0.000,1,63.52,61.47,4.6,713716614,0,1698949,0.05,-0.032,0.073,0.040,0.2524617713,0.0004,Não,Híbrido,2,0.002812
HCTR11,2023,0,0,0.000,5,100.80,39.46,6.4,871442647,0,4627573,0.00,-0.609,0.064,-0.545,0.5463245777,0.0003,Sim,Títulos e Val. Mob.,115,0.000441
HCTR11,2024,0,0,0.000,6,38.88,18.12,4.1,400165757,0,1309524,0.00,-0.534,0.106,-0.427,0.3198569403,0.0002,Sim,Títulos e Val. Mob.,112,0.000264
XPSF11,2023,0,0,0.000,5,7.21,8.32,1.0,360273805,0,629969,0.00,0.154,0.133,0.287,0.1445201046,0.0002,Sim,Títulos e Val. Mob.,45,0.004081
ARRI11,2021,0,1,0.000,3,9.06,9.76,1.5,10231603,0,20666,0.00,0.077,0.164,0.242,0.2152484532,0.0000,Sim,Títulos e Val. Mob.,21,0.026627
BARI11,2023,0,0,0.000,6,86.47,83.50,9.4,386954949,0,822789,0.00,-0.034,0.108,0.074,0.1550954251,0.0000,Sim,Títulos e Val. Mob.,46,0.000044
BRCO11,2021,0,0,0.000,7,115.50,103.28,6.8,1526352502,0,3101428,0.03,-0.106,0.059,-0.047,0.1607799487,0.0000,Sim,Logística,11,0.009038
MANA11,2024,0,1,0.000,2,9.34,7.85,1.3,294658699,0,846281,0.00,-0.160,0.134,-0.026,0.1425993025,0.0000,Sim,Títulos e Val. Mob.,58,0.012755
CACR11,2024,1,1,0.016,6,101.27,86.65,16.2,419067475,-1951221,1559740,0.00,-0.144,0.160,0.016,0.1741025734,0.0000,Sim,Híbrido,83,0.001303